"","x"
"1","HEK cells"
"2","HEK cells"
"3","HEK cells"
"4","CD14+ Monocytes"
"5","B cells"
"6","CD8 T cells"
"7","CD4 T cells"
"8","HEK cells"
"9","HEK cells"
"10","FCGR3A+ Monocytes"
"11","HEK cells"
"12","CD4 T cells"
"13","HEK cells"
"14","HEK cells"
"15","CD4 T cells"
"16","CD4 T cells"
"17","HEK cells"
"18","HEK cells"
"19","HEK cells"
"20","HEK cells"
"21","HEK cells"
"22","HEK cells"
"23","CD4 T cells"
"24","CD8 T cells"
"25","Dendritic cells"
"26","CD14+ Monocytes"
"27","HEK cells"
"28","CD4 T cells"
"29","HEK cells"
"30","HEK cells"
"31","HEK cells"
"32","CD4 T cells"
"33","CD4 T cells"
"34","FCGR3A+ Monocytes"
"35","FCGR3A+ Monocytes"
"36","HEK cells"
"37","CD8 T cells"
"38","FCGR3A+ Monocytes"
"39","B cells"
"40","HEK cells"
"41","CD4 T cells"
"42","CD8 T cells"
"43","CD14+ Monocytes"
"44","FCGR3A+ Monocytes"
"45","HEK cells"
"46","HEK cells"
"47","B cells"
"48","HEK cells"
"49","CD8 T cells"
"50","FCGR3A+ Monocytes"
"51","HEK cells"
"52","HEK cells"
"53","HEK cells"
"54","HEK cells"
"55","HEK cells"
"56","HEK cells"
"57","HEK cells"
"58","CD8 T cells"
"59","HEK cells"
"60","HEK cells"
"61","HEK cells"
"62","HEK cells"
"63","CD4 T cells"
"64","HEK cells"
"65","HEK cells"
"66","HEK cells"
"67","HEK cells"
"68","B cells"
"69","HEK cells"
"70","NK cells"
"71","FCGR3A+ Monocytes"
"72","HEK cells"
"73","HEK cells"
"74","CD14+ Monocytes"
"75","HEK cells"
"76","HEK cells"
"77","CD8 T cells"
"78","CD8 T cells"
"79","HEK cells"
"80","HEK cells"
"81","CD8 T cells"
"82","CD8 T cells"
"83","B cells"
"84","CD8 T cells"
"85","HEK cells"
"86","CD8 T cells"
"87","CD8 T cells"
"88","CD4 T cells"
"89","HEK cells"
"90","FCGR3A+ Monocytes"
"91","CD14+ Monocytes"
"92","CD14+ Monocytes"
"93","CD8 T cells"
"94","CD8 T cells"
"95","HEK cells"
"96","CD14+ Monocytes"
"97","HEK cells"
"98","HEK cells"
"99","HEK cells"
"100","HEK cells"
"101","HEK cells"
"102","NK cells"
"103","HEK cells"
"104","FCGR3A+ Monocytes"
"105","CD8 T cells"
"106","CD8 T cells"
"107","CD8 T cells"
"108","CD4 T cells"
"109","HEK cells"
"110","HEK cells"
"111","HEK cells"
"112","HEK cells"
"113","FCGR3A+ Monocytes"
"114","HEK cells"
"115","CD4 T cells"
"116","CD8 T cells"
"117","HEK cells"
"118","HEK cells"
"119","CD8 T cells"
"120","HEK cells"
"121","HEK cells"
"122","B cells"
"123","HEK cells"
"124","FCGR3A+ Monocytes"
"125","CD8 T cells"
"126","HEK cells"
"127","CD4 T cells"
"128","HEK cells"
"129","HEK cells"
"130","CD14+ Monocytes"
"131","CD14+ Monocytes"
"132","CD4 T cells"
"133","CD14+ Monocytes"
"134","CD14+ Monocytes"
"135","CD4 T cells"
"136","CD4 T cells"
"137","CD14+ Monocytes"
"138","HEK cells"
"139","HEK cells"
"140","CD4 T cells"
"141","CD14+ Monocytes"
"142","HEK cells"
"143","CD8 T cells"
"144","CD8 T cells"
"145","CD4 T cells"
"146","CD8 T cells"
"147","HEK cells"
"148","CD4 T cells"
"149","HEK cells"
"150","HEK cells"
"151","HEK cells"
"152","FCGR3A+ Monocytes"
"153","CD8 T cells"
"154","FCGR3A+ Monocytes"
"155","CD4 T cells"
"156","CD8 T cells"
"157","NK cells"
"158","CD14+ Monocytes"
"159","CD14+ Monocytes"
"160","CD4 T cells"
"161","HEK cells"
"162","HEK cells"
"163","Dendritic cells"
"164","HEK cells"
"165","CD8 T cells"
"166","HEK cells"
"167","NK cells"
"168","HEK cells"
"169","HEK cells"
"170","HEK cells"
"171","HEK cells"
"172","HEK cells"
"173","CD8 T cells"
"174","HEK cells"
"175","HEK cells"
"176","HEK cells"
"177","HEK cells"
"178","HEK cells"
"179","HEK cells"
"180","HEK cells"
"181","HEK cells"
"182","CD8 T cells"
"183","HEK cells"
"184","HEK cells"
"185","HEK cells"
"186","CD14+ Monocytes"
"187","HEK cells"
"188","HEK cells"
"189","CD8 T cells"
"190","HEK cells"
"191","HEK cells"
"192","HEK cells"
"193","HEK cells"
"194","HEK cells"
"195","HEK cells"
"196","HEK cells"
"197","HEK cells"
"198","HEK cells"
"199","HEK cells"
"200","CD8 T cells"
"201","HEK cells"
"202","CD14+ Monocytes"
"203","CD14+ Monocytes"
"204","HEK cells"
"205","HEK cells"
"206","HEK cells"
"207","HEK cells"
"208","CD4 T cells"
"209","HEK cells"
"210","CD4 T cells"
"211","CD4 T cells"
"212","HEK cells"
"213","CD14+ Monocytes"
"214","HEK cells"
"215","FCGR3A+ Monocytes"
"216","HEK cells"
"217","B cells"
"218","B cells"
"219","HEK cells"
"220","HEK cells"
"221","HEK cells"
"222","CD14+ Monocytes"
"223","HEK cells"
"224","CD8 T cells"
"225","HEK cells"
"226","CD14+ Monocytes"
"227","HEK cells"
"228","HEK cells"
"229","CD4 T cells"
"230","CD14+ Monocytes"
"231","FCGR3A+ Monocytes"
"232","CD4 T cells"
"233","HEK cells"
"234","NK cells"
"235","CD4 T cells"
"236","B cells"
"237","HEK cells"
"238","B cells"
"239","HEK cells"
"240","HEK cells"
"241","HEK cells"
"242","HEK cells"
"243","HEK cells"
"244","CD8 T cells"
"245","HEK cells"
"246","CD4 T cells"
"247","CD14+ Monocytes"
"248","HEK cells"
"249","B cells"
"250","HEK cells"
"251","FCGR3A+ Monocytes"
"252","CD14+ Monocytes"
"253","B cells"
"254","HEK cells"
"255","CD4 T cells"
"256","HEK cells"
"257","HEK cells"
"258","CD14+ Monocytes"
"259","HEK cells"
"260","HEK cells"
"261","B cells"
"262","Megakaryocytes"
"263","HEK cells"
"264","B cells"
"265","HEK cells"
"266","CD4 T cells"
"267","B cells"
"268","CD4 T cells"
"269","CD4 T cells"
"270","HEK cells"
"271","HEK cells"
"272","CD4 T cells"
"273","CD14+ Monocytes"
"274","CD4 T cells"
"275","CD4 T cells"
"276","CD8 T cells"
"277","CD14+ Monocytes"
"278","CD4 T cells"
"279","FCGR3A+ Monocytes"
"280","HEK cells"
"281","B cells"
"282","HEK cells"
"283","CD14+ Monocytes"
"284","B cells"
"285","HEK cells"
"286","B cells"
"287","HEK cells"
"288","CD4 T cells"
"289","CD4 T cells"
"290","B cells"
"291","FCGR3A+ Monocytes"
"292","HEK cells"
"293","HEK cells"
"294","CD14+ Monocytes"
"295","HEK cells"
"296","HEK cells"
"297","HEK cells"
"298","B cells"
"299","FCGR3A+ Monocytes"
"300","FCGR3A+ Monocytes"
"301","HEK cells"
"302","CD4 T cells"
"303","CD14+ Monocytes"
"304","CD4 T cells"
"305","CD14+ Monocytes"
"306","NK cells"
"307","CD8 T cells"
"308","HEK cells"
"309","B cells"
"310","HEK cells"
"311","HEK cells"
"312","CD4 T cells"
"313","HEK cells"
"314","HEK cells"
"315","CD8 T cells"
"316","HEK cells"
"317","HEK cells"
"318","HEK cells"
"319","CD14+ Monocytes"
"320","HEK cells"
"321","HEK cells"
"322","HEK cells"
"323","HEK cells"
"324","HEK cells"
"325","FCGR3A+ Monocytes"
"326","B cells"
"327","CD8 T cells"
"328","NK cells"
"329","CD8 T cells"
"330","HEK cells"
"331","CD4 T cells"
"332","HEK cells"
"333","CD8 T cells"
"334","CD8 T cells"
"335","HEK cells"
"336","CD14+ Monocytes"
"337","CD14+ Monocytes"
"338","HEK cells"
"339","B cells"
"340","B cells"
"341","CD8 T cells"
"342","HEK cells"
"343","CD8 T cells"
"344","HEK cells"
"345","CD8 T cells"
"346","HEK cells"
"347","HEK cells"
"348","CD4 T cells"
"349","HEK cells"
"350","HEK cells"
"351","HEK cells"
"352","B cells"
"353","HEK cells"
"354","HEK cells"
"355","B cells"
"356","HEK cells"
"357","HEK cells"
"358","CD8 T cells"
"359","HEK cells"
"360","HEK cells"
"361","HEK cells"
"362","HEK cells"
"363","NK cells"
"364","CD14+ Monocytes"
"365","CD8 T cells"
"366","HEK cells"
"367","CD8 T cells"
"368","HEK cells"
"369","HEK cells"
"370","HEK cells"
"371","HEK cells"
"372","FCGR3A+ Monocytes"
"373","CD4 T cells"
"374","CD4 T cells"
"375","HEK cells"
"376","CD8 T cells"
"377","CD8 T cells"
"378","HEK cells"
"379","CD4 T cells"
"380","CD8 T cells"
"381","HEK cells"
"382","CD14+ Monocytes"
"383","HEK cells"
"384","CD14+ Monocytes"
"385","HEK cells"
"386","CD4 T cells"
"387","CD4 T cells"
"388","HEK cells"
"389","CD8 T cells"
"390","B cells"
"391","CD4 T cells"
"392","HEK cells"
"393","HEK cells"
"394","HEK cells"
"395","HEK cells"
"396","HEK cells"
"397","HEK cells"
"398","HEK cells"
"399","FCGR3A+ Monocytes"
"400","HEK cells"
"401","CD8 T cells"
"402","HEK cells"
"403","B cells"
"404","HEK cells"
"405","HEK cells"
"406","HEK cells"
"407","CD4 T cells"
"408","HEK cells"
"409","FCGR3A+ Monocytes"
"410","CD14+ Monocytes"
"411","CD8 T cells"
"412","CD4 T cells"
"413","HEK cells"
"414","HEK cells"
"415","HEK cells"
"416","B cells"
"417","HEK cells"
"418","CD4 T cells"
"419","HEK cells"
"420","Dendritic cells"
"421","CD8 T cells"
"422","HEK cells"
"423","FCGR3A+ Monocytes"
"424","CD14+ Monocytes"
"425","CD14+ Monocytes"
"426","CD8 T cells"
"427","CD8 T cells"
"428","CD4 T cells"
"429","CD14+ Monocytes"
"430","HEK cells"
"431","CD14+ Monocytes"
"432","HEK cells"
"433","CD4 T cells"
"434","HEK cells"
"435","Dendritic cells"
"436","HEK cells"
"437","NK cells"
"438","CD8 T cells"
"439","CD14+ Monocytes"
"440","CD14+ Monocytes"
"441","CD14+ Monocytes"
"442","CD14+ Monocytes"
"443","CD14+ Monocytes"
"444","HEK cells"
"445","CD4 T cells"
"446","CD14+ Monocytes"
"447","B cells"
"448","FCGR3A+ Monocytes"
"449","CD14+ Monocytes"
"450","CD14+ Monocytes"
"451","HEK cells"
"452","HEK cells"
"453","CD14+ Monocytes"
"454","HEK cells"
"455","HEK cells"
"456","HEK cells"
"457","HEK cells"
"458","HEK cells"
"459","HEK cells"
"460","HEK cells"
"461","FCGR3A+ Monocytes"
"462","HEK cells"
"463","CD4 T cells"
"464","HEK cells"
"465","HEK cells"
"466","HEK cells"
"467","HEK cells"
"468","HEK cells"
"469","HEK cells"
"470","HEK cells"
"471","HEK cells"
"472","HEK cells"
"473","CD14+ Monocytes"
"474","CD14+ Monocytes"
"475","HEK cells"
"476","HEK cells"
"477","CD14+ Monocytes"
"478","HEK cells"
"479","HEK cells"
"480","HEK cells"
"481","HEK cells"
"482","HEK cells"
"483","HEK cells"
"484","CD4 T cells"
"485","FCGR3A+ Monocytes"
"486","HEK cells"
"487","CD14+ Monocytes"
"488","CD4 T cells"
"489","HEK cells"
"490","CD8 T cells"
"491","HEK cells"
"492","FCGR3A+ Monocytes"
"493","B cells"
"494","B cells"
"495","CD4 T cells"
"496","CD8 T cells"
"497","HEK cells"
"498","FCGR3A+ Monocytes"
"499","HEK cells"
"500","NK cells"
"501","HEK cells"
"502","HEK cells"
"503","HEK cells"
"504","HEK cells"
"505","HEK cells"
"506","HEK cells"
"507","CD8 T cells"
"508","HEK cells"
"509","HEK cells"
"510","HEK cells"
"511","HEK cells"
"512","HEK cells"
"513","CD14+ Monocytes"
"514","HEK cells"
"515","CD4 T cells"
"516","HEK cells"
"517","HEK cells"
"518","HEK cells"
"519","CD8 T cells"
"520","HEK cells"
"521","HEK cells"
"522","CD14+ Monocytes"
"523","HEK cells"
"524","CD8 T cells"
"525","CD14+ Monocytes"
"526","CD8 T cells"
"527","CD8 T cells"
"528","HEK cells"
"529","B cells"
"530","Dendritic cells"
"531","CD14+ Monocytes"
"532","HEK cells"
"533","Megakaryocytes"
"534","HEK cells"
"535","B cells"
"536","HEK cells"
"537","CD4 T cells"
"538","HEK cells"
"539","CD4 T cells"
"540","HEK cells"
"541","HEK cells"
"542","CD8 T cells"
"543","CD4 T cells"
"544","CD4 T cells"
"545","HEK cells"
"546","HEK cells"
"547","FCGR3A+ Monocytes"
"548","HEK cells"
"549","HEK cells"
"550","HEK cells"
"551","CD4 T cells"
"552","HEK cells"
"553","B cells"
"554","CD4 T cells"
"555","B cells"
"556","CD14+ Monocytes"
"557","HEK cells"
"558","HEK cells"
"559","HEK cells"
"560","HEK cells"
"561","CD14+ Monocytes"
"562","B cells"
"563","HEK cells"
"564","HEK cells"
"565","CD4 T cells"
"566","CD14+ Monocytes"
"567","HEK cells"
"568","CD14+ Monocytes"
"569","FCGR3A+ Monocytes"
"570","CD14+ Monocytes"
"571","HEK cells"
"572","HEK cells"
"573","HEK cells"
"574","FCGR3A+ Monocytes"
"575","B cells"
"576","B cells"
"577","B cells"
"578","B cells"
"579","CD14+ Monocytes"
"580","CD14+ Monocytes"
"581","HEK cells"
"582","CD14+ Monocytes"
"583","CD4 T cells"
"584","HEK cells"
"585","HEK cells"
"586","B cells"
"587","HEK cells"
"588","NK cells"
"589","HEK cells"
"590","HEK cells"
"591","CD4 T cells"
"592","HEK cells"
"593","HEK cells"
"594","NK cells"
"595","HEK cells"
"596","CD14+ Monocytes"
"597","HEK cells"
"598","HEK cells"
"599","CD8 T cells"
"600","Dendritic cells"
"601","HEK cells"
"602","FCGR3A+ Monocytes"
"603","CD14+ Monocytes"
"604","Dendritic cells"
"605","HEK cells"
"606","HEK cells"
"607","CD14+ Monocytes"
"608","CD8 T cells"
"609","HEK cells"
"610","HEK cells"
"611","HEK cells"
"612","HEK cells"
"613","CD8 T cells"
"614","HEK cells"
"615","HEK cells"
"616","HEK cells"
"617","FCGR3A+ Monocytes"
"618","CD4 T cells"
"619","HEK cells"
"620","HEK cells"
"621","HEK cells"
"622","HEK cells"
"623","HEK cells"
"624","CD4 T cells"
"625","HEK cells"
"626","HEK cells"
"627","HEK cells"
"628","CD4 T cells"
"629","HEK cells"
"630","CD14+ Monocytes"
"631","HEK cells"
"632","HEK cells"
"633","B cells"
"634","HEK cells"
"635","CD14+ Monocytes"
"636","CD4 T cells"
"637","CD14+ Monocytes"
"638","HEK cells"
"639","CD14+ Monocytes"
"640","CD4 T cells"
"641","CD4 T cells"
"642","HEK cells"
"643","CD8 T cells"
"644","CD8 T cells"
"645","HEK cells"
"646","HEK cells"
"647","CD14+ Monocytes"
"648","CD14+ Monocytes"
"649","HEK cells"
"650","CD14+ Monocytes"
"651","HEK cells"
"652","CD14+ Monocytes"
"653","HEK cells"
"654","HEK cells"
"655","CD4 T cells"
"656","CD4 T cells"
"657","FCGR3A+ Monocytes"
"658","HEK cells"
"659","HEK cells"
"660","HEK cells"
"661","HEK cells"
"662","CD14+ Monocytes"
"663","HEK cells"
"664","HEK cells"
"665","CD4 T cells"
"666","B cells"
"667","B cells"
"668","B cells"
"669","CD4 T cells"
"670","CD14+ Monocytes"
"671","CD4 T cells"
"672","HEK cells"
"673","Dendritic cells"
"674","CD14+ Monocytes"
"675","CD4 T cells"
"676","HEK cells"
"677","CD14+ Monocytes"
"678","HEK cells"
"679","HEK cells"
"680","HEK cells"
"681","CD14+ Monocytes"
"682","HEK cells"
"683","B cells"
"684","CD14+ Monocytes"
"685","HEK cells"
"686","B cells"
"687","HEK cells"
"688","HEK cells"
"689","FCGR3A+ Monocytes"
"690","CD14+ Monocytes"
"691","CD14+ Monocytes"
"692","HEK cells"
"693","HEK cells"
"694","HEK cells"
"695","HEK cells"
"696","B cells"
"697","HEK cells"
"698","HEK cells"
"699","HEK cells"
"700","HEK cells"
"701","HEK cells"
"702","FCGR3A+ Monocytes"
"703","HEK cells"
"704","HEK cells"
"705","FCGR3A+ Monocytes"
"706","HEK cells"
"707","HEK cells"
"708","HEK cells"
"709","FCGR3A+ Monocytes"
"710","HEK cells"
"711","HEK cells"
"712","B cells"
"713","CD8 T cells"
"714","CD8 T cells"
"715","HEK cells"
"716","HEK cells"
"717","HEK cells"
"718","HEK cells"
"719","B cells"
"720","HEK cells"
"721","B cells"
"722","CD4 T cells"
"723","HEK cells"
"724","CD14+ Monocytes"
"725","FCGR3A+ Monocytes"
"726","HEK cells"
"727","HEK cells"
"728","HEK cells"
"729","CD8 T cells"
"730","CD4 T cells"
"731","HEK cells"
"732","HEK cells"
"733","HEK cells"
"734","HEK cells"
"735","HEK cells"
"736","HEK cells"
"737","HEK cells"
"738","CD14+ Monocytes"
"739","HEK cells"
"740","HEK cells"
"741","HEK cells"
"742","HEK cells"
"743","Dendritic cells"
"744","Dendritic cells"
"745","CD8 T cells"
"746","CD14+ Monocytes"
"747","CD14+ Monocytes"
"748","CD8 T cells"
"749","CD14+ Monocytes"
"750","CD8 T cells"
"751","HEK cells"
"752","HEK cells"
"753","HEK cells"
"754","CD14+ Monocytes"
"755","Dendritic cells"
"756","HEK cells"
"757","CD8 T cells"
"758","FCGR3A+ Monocytes"
"759","CD14+ Monocytes"
"760","NK cells"
"761","HEK cells"
"762","HEK cells"
"763","HEK cells"
"764","HEK cells"
"765","HEK cells"
"766","CD4 T cells"
"767","B cells"
"768","Dendritic cells"
"769","B cells"
"770","CD4 T cells"
"771","HEK cells"
"772","HEK cells"
"773","FCGR3A+ Monocytes"
"774","HEK cells"
"775","Dendritic cells"
"776","HEK cells"
"777","HEK cells"
"778","HEK cells"
"779","CD8 T cells"
"780","CD8 T cells"
"781","HEK cells"
"782","CD4 T cells"
"783","FCGR3A+ Monocytes"
"784","CD8 T cells"
"785","CD14+ Monocytes"
"786","FCGR3A+ Monocytes"
"787","HEK cells"
"788","CD8 T cells"
"789","HEK cells"
"790","FCGR3A+ Monocytes"
"791","CD14+ Monocytes"
"792","B cells"
"793","FCGR3A+ Monocytes"
"794","CD8 T cells"
"795","HEK cells"
"796","CD14+ Monocytes"
"797","CD14+ Monocytes"
"798","CD4 T cells"
"799","CD8 T cells"
"800","CD8 T cells"
"801","B cells"
"802","HEK cells"
"803","HEK cells"
"804","HEK cells"
"805","HEK cells"
"806","NK cells"
"807","HEK cells"
"808","HEK cells"
"809","HEK cells"
"810","HEK cells"
"811","HEK cells"
"812","B cells"
"813","HEK cells"
"814","HEK cells"
"815","FCGR3A+ Monocytes"
"816","HEK cells"
"817","CD8 T cells"
"818","HEK cells"
"819","HEK cells"
"820","HEK cells"
"821","HEK cells"
"822","CD4 T cells"
"823","HEK cells"
"824","HEK cells"
"825","HEK cells"
"826","FCGR3A+ Monocytes"
"827","HEK cells"
"828","HEK cells"
"829","CD8 T cells"
"830","HEK cells"
"831","HEK cells"
"832","HEK cells"
"833","HEK cells"
"834","HEK cells"
"835","HEK cells"
"836","HEK cells"
"837","HEK cells"
"838","CD4 T cells"
"839","B cells"
"840","Dendritic cells"
"841","CD8 T cells"
"842","HEK cells"
"843","B cells"
"844","HEK cells"
"845","CD8 T cells"
"846","CD8 T cells"
"847","B cells"
"848","CD14+ Monocytes"
"849","B cells"
"850","CD8 T cells"
"851","HEK cells"
"852","HEK cells"
"853","HEK cells"
"854","CD14+ Monocytes"
"855","HEK cells"
"856","CD4 T cells"
"857","HEK cells"
"858","FCGR3A+ Monocytes"
"859","CD4 T cells"
"860","HEK cells"
"861","CD8 T cells"
"862","FCGR3A+ Monocytes"
"863","HEK cells"
"864","FCGR3A+ Monocytes"
"865","HEK cells"
"866","FCGR3A+ Monocytes"
"867","CD4 T cells"
"868","HEK cells"
"869","HEK cells"
"870","HEK cells"
"871","B cells"
"872","CD8 T cells"
"873","HEK cells"
"874","B cells"
"875","B cells"
"876","CD14+ Monocytes"
"877","HEK cells"
"878","NK cells"
"879","HEK cells"
"880","CD8 T cells"
"881","HEK cells"
"882","CD8 T cells"
"883","CD8 T cells"
"884","HEK cells"
"885","HEK cells"
"886","HEK cells"
"887","CD8 T cells"
"888","HEK cells"
"889","CD4 T cells"
"890","CD8 T cells"
"891","CD4 T cells"
"892","CD4 T cells"
"893","HEK cells"
"894","CD4 T cells"
"895","HEK cells"
"896","CD14+ Monocytes"
"897","CD14+ Monocytes"
"898","HEK cells"
"899","CD4 T cells"
"900","HEK cells"
"901","HEK cells"
"902","HEK cells"
"903","FCGR3A+ Monocytes"
"904","HEK cells"
"905","HEK cells"
"906","HEK cells"
"907","FCGR3A+ Monocytes"
"908","HEK cells"
"909","CD14+ Monocytes"
"910","B cells"
"911","CD8 T cells"
"912","HEK cells"
"913","Dendritic cells"
"914","CD8 T cells"
"915","HEK cells"
"916","CD14+ Monocytes"
"917","HEK cells"
"918","HEK cells"
"919","HEK cells"
"920","HEK cells"
"921","HEK cells"
"922","HEK cells"
"923","HEK cells"
"924","CD8 T cells"
"925","HEK cells"
"926","CD8 T cells"
"927","HEK cells"
"928","HEK cells"
"929","HEK cells"
"930","B cells"
"931","HEK cells"
"932","HEK cells"
"933","HEK cells"
"934","HEK cells"
"935","HEK cells"
"936","HEK cells"
"937","HEK cells"
"938","CD4 T cells"
"939","HEK cells"
"940","HEK cells"
"941","CD8 T cells"
"942","CD4 T cells"
"943","CD4 T cells"
"944","B cells"
"945","HEK cells"
"946","HEK cells"
"947","FCGR3A+ Monocytes"
"948","FCGR3A+ Monocytes"
"949","CD4 T cells"
"950","CD8 T cells"
"951","CD4 T cells"
"952","Dendritic cells"
"953","CD14+ Monocytes"
"954","HEK cells"
"955","CD8 T cells"
"956","CD4 T cells"
"957","HEK cells"
"958","HEK cells"
"959","CD14+ Monocytes"
"960","HEK cells"
"961","HEK cells"
"962","NK cells"
"963","HEK cells"
"964","HEK cells"
"965","CD4 T cells"
"966","HEK cells"
"967","B cells"
"968","HEK cells"
"969","HEK cells"
"970","HEK cells"
"971","CD8 T cells"
"972","HEK cells"
"973","HEK cells"
"974","FCGR3A+ Monocytes"
"975","HEK cells"
"976","NK cells"
"977","B cells"
"978","CD4 T cells"
"979","FCGR3A+ Monocytes"
"980","HEK cells"
"981","CD8 T cells"
"982","HEK cells"
"983","HEK cells"
"984","CD4 T cells"
"985","CD14+ Monocytes"
"986","HEK cells"
"987","CD8 T cells"
"988","CD8 T cells"
"989","HEK cells"
"990","HEK cells"
"991","CD14+ Monocytes"
"992","HEK cells"
"993","CD4 T cells"
"994","HEK cells"
"995","HEK cells"
"996","CD4 T cells"
"997","CD4 T cells"
"998","Dendritic cells"
"999","HEK cells"
"1000","HEK cells"
"1001","CD8 T cells"
"1002","HEK cells"
"1003","CD4 T cells"
"1004","CD4 T cells"
"1005","CD8 T cells"
"1006","HEK cells"
"1007","CD4 T cells"
"1008","HEK cells"
"1009","HEK cells"
"1010","CD4 T cells"
"1011","CD4 T cells"
"1012","HEK cells"
"1013","HEK cells"
"1014","HEK cells"
"1015","HEK cells"
"1016","HEK cells"
"1017","HEK cells"
"1018","CD14+ Monocytes"
"1019","CD4 T cells"
"1020","CD14+ Monocytes"
"1021","HEK cells"
"1022","CD14+ Monocytes"
"1023","CD14+ Monocytes"
"1024","HEK cells"
"1025","HEK cells"
"1026","B cells"
"1027","CD14+ Monocytes"
"1028","HEK cells"
"1029","CD14+ Monocytes"
"1030","HEK cells"
"1031","CD8 T cells"
"1032","HEK cells"
"1033","HEK cells"
"1034","HEK cells"
"1035","HEK cells"
"1036","CD4 T cells"
"1037","FCGR3A+ Monocytes"
"1038","CD8 T cells"
"1039","CD14+ Monocytes"
"1040","CD14+ Monocytes"
"1041","FCGR3A+ Monocytes"
"1042","HEK cells"
"1043","HEK cells"
"1044","NK cells"
"1045","CD14+ Monocytes"
"1046","HEK cells"
"1047","HEK cells"
"1048","HEK cells"
"1049","NK cells"
"1050","NK cells"
"1051","B cells"
"1052","CD14+ Monocytes"
"1053","HEK cells"
"1054","HEK cells"
"1055","CD8 T cells"
"1056","CD4 T cells"
"1057","CD4 T cells"
"1058","HEK cells"
"1059","HEK cells"
"1060","B cells"
"1061","CD4 T cells"
"1062","Dendritic cells"
"1063","HEK cells"
"1064","B cells"
"1065","CD8 T cells"
"1066","CD14+ Monocytes"
"1067","CD14+ Monocytes"
"1068","HEK cells"
"1069","HEK cells"
"1070","CD4 T cells"
"1071","CD8 T cells"
"1072","CD14+ Monocytes"
"1073","B cells"
"1074","CD4 T cells"
"1075","B cells"
"1076","CD8 T cells"
"1077","CD8 T cells"
"1078","CD8 T cells"
"1079","B cells"
"1080","HEK cells"
"1081","HEK cells"
"1082","B cells"
"1083","HEK cells"
"1084","B cells"
"1085","HEK cells"
"1086","HEK cells"
"1087","CD4 T cells"
"1088","CD8 T cells"
"1089","CD8 T cells"
"1090","CD8 T cells"
"1091","HEK cells"
"1092","CD8 T cells"
"1093","HEK cells"
"1094","HEK cells"
"1095","HEK cells"
"1096","FCGR3A+ Monocytes"
"1097","B cells"
"1098","B cells"
"1099","HEK cells"
"1100","CD14+ Monocytes"
"1101","Megakaryocytes"
"1102","HEK cells"
"1103","FCGR3A+ Monocytes"
"1104","HEK cells"
"1105","B cells"
"1106","CD14+ Monocytes"
"1107","CD14+ Monocytes"
"1108","CD14+ Monocytes"
"1109","HEK cells"
"1110","CD4 T cells"
"1111","CD4 T cells"
"1112","HEK cells"
"1113","CD4 T cells"
"1114","HEK cells"
"1115","B cells"
"1116","B cells"
"1117","CD4 T cells"
"1118","HEK cells"
"1119","CD14+ Monocytes"
"1120","HEK cells"
"1121","FCGR3A+ Monocytes"
"1122","HEK cells"
"1123","CD4 T cells"
"1124","HEK cells"
"1125","NK cells"
"1126","FCGR3A+ Monocytes"
"1127","HEK cells"
"1128","CD8 T cells"
"1129","CD8 T cells"
"1130","CD4 T cells"
"1131","CD8 T cells"
"1132","CD14+ Monocytes"
"1133","CD4 T cells"
"1134","B cells"
"1135","CD14+ Monocytes"
"1136","Dendritic cells"
"1137","HEK cells"
"1138","HEK cells"
"1139","HEK cells"
"1140","CD4 T cells"
"1141","HEK cells"
"1142","FCGR3A+ Monocytes"
"1143","HEK cells"
"1144","CD4 T cells"
"1145","CD4 T cells"
"1146","HEK cells"
"1147","HEK cells"
"1148","HEK cells"
"1149","CD14+ Monocytes"
"1150","HEK cells"
"1151","CD14+ Monocytes"
"1152","B cells"
"1153","HEK cells"
"1154","FCGR3A+ Monocytes"
"1155","CD8 T cells"
"1156","HEK cells"
"1157","HEK cells"
"1158","CD8 T cells"
"1159","CD14+ Monocytes"
"1160","HEK cells"
"1161","HEK cells"
"1162","B cells"
"1163","CD8 T cells"
"1164","FCGR3A+ Monocytes"
"1165","CD8 T cells"
"1166","HEK cells"
"1167","CD14+ Monocytes"
"1168","HEK cells"
"1169","HEK cells"
"1170","CD14+ Monocytes"
"1171","CD8 T cells"
"1172","B cells"
"1173","CD8 T cells"
"1174","CD8 T cells"
"1175","HEK cells"
"1176","FCGR3A+ Monocytes"
"1177","HEK cells"
"1178","HEK cells"
"1179","CD8 T cells"
"1180","HEK cells"
"1181","HEK cells"
"1182","HEK cells"
"1183","HEK cells"
"1184","HEK cells"
"1185","HEK cells"
"1186","HEK cells"
"1187","HEK cells"
"1188","HEK cells"
"1189","CD8 T cells"
"1190","HEK cells"
"1191","Megakaryocytes"
"1192","HEK cells"
"1193","CD4 T cells"
"1194","HEK cells"
"1195","CD14+ Monocytes"
"1196","HEK cells"
"1197","CD14+ Monocytes"
"1198","HEK cells"
"1199","HEK cells"
"1200","B cells"
"1201","HEK cells"
"1202","HEK cells"
"1203","HEK cells"
"1204","HEK cells"
"1205","B cells"
"1206","CD4 T cells"
"1207","HEK cells"
"1208","CD8 T cells"
"1209","FCGR3A+ Monocytes"
"1210","CD8 T cells"
"1211","NK cells"
"1212","HEK cells"
"1213","HEK cells"
"1214","HEK cells"
"1215","NK cells"
"1216","HEK cells"
"1217","HEK cells"
"1218","B cells"
"1219","HEK cells"
"1220","HEK cells"
"1221","HEK cells"
"1222","HEK cells"
"1223","HEK cells"
"1224","CD4 T cells"
"1225","HEK cells"
"1226","HEK cells"
"1227","HEK cells"
"1228","NK cells"
"1229","HEK cells"
"1230","HEK cells"
"1231","HEK cells"
"1232","HEK cells"
"1233","CD4 T cells"
"1234","CD14+ Monocytes"
"1235","CD4 T cells"
"1236","HEK cells"
"1237","FCGR3A+ Monocytes"
"1238","CD14+ Monocytes"
"1239","HEK cells"
"1240","HEK cells"
"1241","HEK cells"
"1242","HEK cells"
"1243","B cells"
"1244","CD8 T cells"
"1245","B cells"
"1246","CD14+ Monocytes"
"1247","HEK cells"
"1248","HEK cells"
"1249","CD14+ Monocytes"
"1250","CD8 T cells"
"1251","HEK cells"
"1252","HEK cells"
"1253","HEK cells"
"1254","CD14+ Monocytes"
"1255","FCGR3A+ Monocytes"
"1256","HEK cells"
"1257","HEK cells"
"1258","FCGR3A+ Monocytes"
"1259","CD4 T cells"
"1260","CD14+ Monocytes"
"1261","CD4 T cells"
"1262","HEK cells"
"1263","CD4 T cells"
"1264","HEK cells"
"1265","FCGR3A+ Monocytes"
"1266","HEK cells"
"1267","B cells"
"1268","CD14+ Monocytes"
"1269","CD8 T cells"
"1270","Dendritic cells"
"1271","CD14+ Monocytes"
"1272","HEK cells"
"1273","HEK cells"
"1274","HEK cells"
"1275","CD8 T cells"
"1276","HEK cells"
"1277","HEK cells"
"1278","CD8 T cells"
"1279","CD8 T cells"
"1280","CD4 T cells"
"1281","HEK cells"
"1282","HEK cells"
"1283","CD4 T cells"
"1284","FCGR3A+ Monocytes"
"1285","CD14+ Monocytes"
"1286","HEK cells"
"1287","B cells"
"1288","HEK cells"
"1289","B cells"
"1290","CD4 T cells"
"1291","HEK cells"
"1292","HEK cells"
"1293","HEK cells"
"1294","FCGR3A+ Monocytes"
"1295","CD14+ Monocytes"
"1296","B cells"
"1297","CD14+ Monocytes"
"1298","FCGR3A+ Monocytes"
"1299","CD4 T cells"
"1300","HEK cells"
"1301","CD4 T cells"
"1302","HEK cells"
"1303","B cells"
"1304","HEK cells"
"1305","HEK cells"
"1306","HEK cells"
"1307","B cells"
"1308","HEK cells"
"1309","HEK cells"
"1310","CD4 T cells"
"1311","CD4 T cells"
"1312","HEK cells"
"1313","HEK cells"
"1314","HEK cells"
"1315","CD8 T cells"
"1316","HEK cells"
"1317","HEK cells"
"1318","FCGR3A+ Monocytes"
"1319","HEK cells"
"1320","CD4 T cells"
"1321","HEK cells"
"1322","NK cells"
"1323","HEK cells"
"1324","B cells"
"1325","HEK cells"
"1326","HEK cells"
"1327","HEK cells"
"1328","HEK cells"
"1329","CD4 T cells"
"1330","HEK cells"
"1331","CD14+ Monocytes"
"1332","HEK cells"
"1333","HEK cells"
"1334","HEK cells"
"1335","NK cells"
"1336","CD8 T cells"
"1337","CD14+ Monocytes"
"1338","CD8 T cells"
"1339","B cells"
"1340","FCGR3A+ Monocytes"
"1341","CD8 T cells"
"1342","FCGR3A+ Monocytes"
"1343","CD4 T cells"
"1344","FCGR3A+ Monocytes"
"1345","FCGR3A+ Monocytes"
"1346","CD8 T cells"
"1347","CD14+ Monocytes"
"1348","HEK cells"
"1349","FCGR3A+ Monocytes"
"1350","FCGR3A+ Monocytes"
"1351","HEK cells"
"1352","FCGR3A+ Monocytes"
"1353","HEK cells"
"1354","HEK cells"
"1355","CD4 T cells"
"1356","HEK cells"
"1357","CD4 T cells"
"1358","CD14+ Monocytes"
"1359","HEK cells"
"1360","HEK cells"
"1361","HEK cells"
"1362","CD8 T cells"
"1363","HEK cells"
"1364","CD4 T cells"
"1365","HEK cells"
"1366","FCGR3A+ Monocytes"
"1367","HEK cells"
"1368","B cells"
"1369","B cells"
"1370","HEK cells"
"1371","CD4 T cells"
"1372","CD14+ Monocytes"
"1373","B cells"
"1374","HEK cells"
"1375","CD4 T cells"
"1376","B cells"
"1377","CD8 T cells"
"1378","CD4 T cells"
"1379","HEK cells"
"1380","B cells"
"1381","HEK cells"
"1382","HEK cells"
"1383","HEK cells"
"1384","HEK cells"
"1385","CD14+ Monocytes"
"1386","HEK cells"
"1387","CD8 T cells"
"1388","HEK cells"
"1389","CD8 T cells"
"1390","B cells"
"1391","CD4 T cells"
"1392","HEK cells"
"1393","NK cells"
"1394","HEK cells"
"1395","HEK cells"
"1396","FCGR3A+ Monocytes"
"1397","HEK cells"
"1398","HEK cells"
"1399","HEK cells"
"1400","HEK cells"
"1401","CD8 T cells"
"1402","HEK cells"
"1403","CD4 T cells"
"1404","CD14+ Monocytes"
"1405","CD14+ Monocytes"
"1406","HEK cells"
"1407","HEK cells"
"1408","HEK cells"
"1409","HEK cells"
"1410","HEK cells"
"1411","NK cells"
"1412","CD8 T cells"
"1413","B cells"
"1414","HEK cells"
"1415","HEK cells"
"1416","HEK cells"
"1417","HEK cells"
"1418","NK cells"
"1419","CD4 T cells"
"1420","HEK cells"
"1421","B cells"
"1422","B cells"
"1423","HEK cells"
"1424","CD4 T cells"
"1425","HEK cells"
"1426","HEK cells"
"1427","FCGR3A+ Monocytes"
"1428","B cells"
"1429","CD8 T cells"
"1430","HEK cells"
"1431","HEK cells"
"1432","CD4 T cells"
"1433","HEK cells"
"1434","CD8 T cells"
"1435","B cells"
"1436","HEK cells"
"1437","HEK cells"
"1438","CD14+ Monocytes"
"1439","HEK cells"
"1440","HEK cells"
"1441","HEK cells"
"1442","HEK cells"
"1443","HEK cells"
"1444","HEK cells"
"1445","HEK cells"
"1446","B cells"
"1447","CD14+ Monocytes"
"1448","B cells"
"1449","CD14+ Monocytes"
"1450","B cells"
"1451","HEK cells"
"1452","CD4 T cells"
"1453","CD4 T cells"
"1454","B cells"
"1455","HEK cells"
"1456","HEK cells"
"1457","HEK cells"
"1458","FCGR3A+ Monocytes"
"1459","CD4 T cells"
"1460","FCGR3A+ Monocytes"
"1461","NK cells"
"1462","HEK cells"
"1463","HEK cells"
"1464","CD14+ Monocytes"
"1465","HEK cells"
"1466","HEK cells"
"1467","HEK cells"
"1468","HEK cells"
"1469","B cells"
"1470","HEK cells"
"1471","HEK cells"
"1472","CD8 T cells"
"1473","HEK cells"
"1474","HEK cells"
"1475","CD4 T cells"
"1476","CD14+ Monocytes"
"1477","HEK cells"
"1478","FCGR3A+ Monocytes"
"1479","CD8 T cells"
"1480","B cells"
"1481","HEK cells"
"1482","CD14+ Monocytes"
"1483","HEK cells"
"1484","CD8 T cells"
"1485","CD4 T cells"
"1486","HEK cells"
"1487","CD14+ Monocytes"
"1488","CD14+ Monocytes"
"1489","HEK cells"
"1490","CD14+ Monocytes"
"1491","Dendritic cells"
"1492","CD8 T cells"
"1493","CD14+ Monocytes"
"1494","NK cells"
"1495","CD14+ Monocytes"
"1496","CD14+ Monocytes"
"1497","HEK cells"
"1498","CD4 T cells"
"1499","CD14+ Monocytes"
"1500","CD14+ Monocytes"
"1501","HEK cells"
"1502","HEK cells"
"1503","HEK cells"
"1504","CD4 T cells"
"1505","CD14+ Monocytes"
"1506","CD14+ Monocytes"
"1507","CD14+ Monocytes"
"1508","CD8 T cells"
"1509","HEK cells"
"1510","CD4 T cells"
"1511","FCGR3A+ Monocytes"
"1512","HEK cells"
"1513","HEK cells"
"1514","FCGR3A+ Monocytes"
"1515","FCGR3A+ Monocytes"
"1516","HEK cells"
"1517","HEK cells"
"1518","CD14+ Monocytes"
"1519","HEK cells"
"1520","CD8 T cells"
"1521","CD8 T cells"
"1522","Dendritic cells"
"1523","HEK cells"
"1524","HEK cells"
"1525","FCGR3A+ Monocytes"
"1526","FCGR3A+ Monocytes"
"1527","HEK cells"
"1528","HEK cells"
"1529","CD4 T cells"
"1530","HEK cells"
"1531","CD14+ Monocytes"
"1532","B cells"
"1533","Megakaryocytes"
"1534","CD4 T cells"
"1535","CD4 T cells"
"1536","HEK cells"
"1537","CD4 T cells"
"1538","CD14+ Monocytes"
"1539","CD14+ Monocytes"
"1540","FCGR3A+ Monocytes"
"1541","HEK cells"
"1542","FCGR3A+ Monocytes"
"1543","HEK cells"
"1544","CD14+ Monocytes"
"1545","HEK cells"
"1546","HEK cells"
"1547","CD4 T cells"
"1548","CD14+ Monocytes"
"1549","HEK cells"
"1550","CD4 T cells"
"1551","HEK cells"
"1552","HEK cells"
"1553","HEK cells"
"1554","HEK cells"
"1555","HEK cells"
"1556","B cells"
"1557","B cells"
"1558","HEK cells"
"1559","CD8 T cells"
"1560","HEK cells"
"1561","CD4 T cells"
"1562","HEK cells"
"1563","CD8 T cells"
"1564","CD14+ Monocytes"
"1565","B cells"
"1566","HEK cells"
"1567","B cells"
"1568","HEK cells"
"1569","HEK cells"
"1570","FCGR3A+ Monocytes"
"1571","HEK cells"
"1572","HEK cells"
"1573","HEK cells"
"1574","CD4 T cells"
"1575","CD8 T cells"
"1576","CD4 T cells"
"1577","HEK cells"
"1578","FCGR3A+ Monocytes"
"1579","CD8 T cells"
"1580","CD4 T cells"
"1581","HEK cells"
"1582","CD8 T cells"
"1583","CD8 T cells"
"1584","HEK cells"
"1585","HEK cells"
"1586","CD14+ Monocytes"
"1587","HEK cells"
"1588","HEK cells"
"1589","HEK cells"
"1590","HEK cells"
"1591","HEK cells"
"1592","HEK cells"
"1593","FCGR3A+ Monocytes"
"1594","HEK cells"
"1595","CD4 T cells"
"1596","HEK cells"
"1597","HEK cells"
"1598","FCGR3A+ Monocytes"
"1599","CD8 T cells"
"1600","HEK cells"
"1601","HEK cells"
"1602","HEK cells"
"1603","HEK cells"
"1604","CD14+ Monocytes"
"1605","CD4 T cells"
"1606","HEK cells"
"1607","FCGR3A+ Monocytes"
"1608","HEK cells"
"1609","CD14+ Monocytes"
"1610","HEK cells"
"1611","HEK cells"
"1612","CD4 T cells"
"1613","HEK cells"
"1614","B cells"
"1615","CD14+ Monocytes"
"1616","CD14+ Monocytes"
"1617","HEK cells"
"1618","FCGR3A+ Monocytes"
"1619","CD8 T cells"
"1620","NK cells"
"1621","CD8 T cells"
"1622","CD8 T cells"
"1623","FCGR3A+ Monocytes"
"1624","HEK cells"
"1625","B cells"
"1626","HEK cells"
"1627","HEK cells"
"1628","HEK cells"
"1629","HEK cells"
"1630","HEK cells"
"1631","HEK cells"
"1632","FCGR3A+ Monocytes"
"1633","HEK cells"
"1634","HEK cells"
"1635","HEK cells"
"1636","HEK cells"
"1637","HEK cells"
"1638","B cells"
"1639","CD14+ Monocytes"
"1640","B cells"
"1641","Dendritic cells"
"1642","HEK cells"
"1643","HEK cells"
"1644","CD8 T cells"
"1645","CD4 T cells"
"1646","HEK cells"
"1647","Dendritic cells"
"1648","CD14+ Monocytes"
"1649","HEK cells"
"1650","HEK cells"
"1651","HEK cells"
"1652","CD8 T cells"
"1653","CD14+ Monocytes"
"1654","CD4 T cells"
"1655","HEK cells"
"1656","HEK cells"
"1657","CD14+ Monocytes"
"1658","HEK cells"
"1659","CD4 T cells"
"1660","CD8 T cells"
"1661","NK cells"
"1662","HEK cells"
"1663","FCGR3A+ Monocytes"
"1664","B cells"
"1665","HEK cells"
"1666","HEK cells"
"1667","CD4 T cells"
"1668","HEK cells"
"1669","HEK cells"
"1670","CD8 T cells"
"1671","HEK cells"
"1672","HEK cells"
"1673","CD14+ Monocytes"
"1674","CD4 T cells"
"1675","HEK cells"
"1676","FCGR3A+ Monocytes"
"1677","CD4 T cells"
"1678","HEK cells"
"1679","HEK cells"
"1680","HEK cells"
"1681","CD4 T cells"
"1682","HEK cells"
"1683","HEK cells"
"1684","HEK cells"
"1685","CD4 T cells"
"1686","NK cells"
"1687","HEK cells"
"1688","B cells"
"1689","HEK cells"
"1690","HEK cells"
"1691","HEK cells"
"1692","CD4 T cells"
"1693","CD4 T cells"
"1694","CD4 T cells"
"1695","HEK cells"
"1696","B cells"
"1697","HEK cells"
"1698","HEK cells"
"1699","CD14+ Monocytes"
"1700","CD14+ Monocytes"
"1701","HEK cells"
"1702","CD14+ Monocytes"
"1703","CD8 T cells"
"1704","CD8 T cells"
"1705","HEK cells"
"1706","FCGR3A+ Monocytes"
"1707","CD4 T cells"
"1708","HEK cells"
"1709","CD4 T cells"
"1710","HEK cells"
"1711","HEK cells"
"1712","HEK cells"
"1713","B cells"
"1714","HEK cells"
"1715","HEK cells"
"1716","HEK cells"
"1717","HEK cells"
"1718","HEK cells"
"1719","NK cells"
"1720","CD14+ Monocytes"
"1721","CD8 T cells"
"1722","HEK cells"
"1723","B cells"
"1724","CD8 T cells"
"1725","HEK cells"
"1726","CD14+ Monocytes"
"1727","HEK cells"
"1728","HEK cells"
"1729","HEK cells"
"1730","CD8 T cells"
"1731","CD8 T cells"
"1732","CD8 T cells"
"1733","HEK cells"
"1734","CD4 T cells"
"1735","HEK cells"
"1736","HEK cells"
"1737","HEK cells"
"1738","HEK cells"
"1739","HEK cells"
"1740","CD4 T cells"
"1741","HEK cells"
"1742","HEK cells"
"1743","HEK cells"
"1744","HEK cells"
"1745","CD4 T cells"
"1746","HEK cells"
"1747","B cells"
"1748","Megakaryocytes"
"1749","CD8 T cells"
"1750","HEK cells"
"1751","B cells"
"1752","HEK cells"
"1753","HEK cells"
"1754","HEK cells"
"1755","HEK cells"
"1756","HEK cells"
"1757","HEK cells"
"1758","HEK cells"
"1759","HEK cells"
"1760","HEK cells"
"1761","HEK cells"
"1762","HEK cells"
"1763","HEK cells"
"1764","CD14+ Monocytes"
"1765","HEK cells"
"1766","HEK cells"
"1767","HEK cells"
"1768","HEK cells"
"1769","B cells"
"1770","NK cells"
"1771","CD14+ Monocytes"
"1772","B cells"
"1773","HEK cells"
"1774","HEK cells"
"1775","HEK cells"
"1776","HEK cells"
"1777","HEK cells"
"1778","CD14+ Monocytes"
"1779","HEK cells"
"1780","HEK cells"
"1781","Dendritic cells"
"1782","HEK cells"
"1783","CD14+ Monocytes"
"1784","HEK cells"
"1785","Dendritic cells"
"1786","NK cells"
"1787","HEK cells"
"1788","HEK cells"
"1789","HEK cells"
"1790","HEK cells"
"1791","HEK cells"
"1792","HEK cells"
"1793","CD4 T cells"
"1794","B cells"
"1795","CD4 T cells"
"1796","CD4 T cells"
"1797","HEK cells"
"1798","CD8 T cells"
"1799","B cells"
"1800","CD14+ Monocytes"
"1801","FCGR3A+ Monocytes"
"1802","HEK cells"
"1803","CD14+ Monocytes"
"1804","HEK cells"
"1805","CD14+ Monocytes"
"1806","CD14+ Monocytes"
"1807","HEK cells"
"1808","CD14+ Monocytes"
"1809","CD8 T cells"
"1810","HEK cells"
"1811","HEK cells"
"1812","HEK cells"
"1813","FCGR3A+ Monocytes"
"1814","CD4 T cells"
"1815","HEK cells"
"1816","B cells"
"1817","CD4 T cells"
"1818","HEK cells"
"1819","FCGR3A+ Monocytes"
"1820","HEK cells"
"1821","HEK cells"
"1822","CD4 T cells"
"1823","HEK cells"
"1824","HEK cells"
"1825","FCGR3A+ Monocytes"
"1826","HEK cells"
"1827","HEK cells"
"1828","CD14+ Monocytes"
"1829","HEK cells"
"1830","HEK cells"
"1831","CD8 T cells"
"1832","CD4 T cells"
"1833","CD4 T cells"
"1834","B cells"
"1835","HEK cells"
"1836","HEK cells"
"1837","CD4 T cells"
"1838","HEK cells"
"1839","HEK cells"
"1840","HEK cells"
"1841","HEK cells"
"1842","HEK cells"
"1843","HEK cells"
"1844","CD4 T cells"
"1845","HEK cells"
"1846","HEK cells"
"1847","B cells"
"1848","HEK cells"
"1849","FCGR3A+ Monocytes"
"1850","B cells"
"1851","HEK cells"
"1852","B cells"
"1853","CD4 T cells"
"1854","CD8 T cells"
"1855","CD4 T cells"
"1856","NK cells"
"1857","FCGR3A+ Monocytes"
"1858","CD4 T cells"
"1859","HEK cells"
"1860","HEK cells"
"1861","HEK cells"
"1862","CD4 T cells"
"1863","HEK cells"
"1864","CD14+ Monocytes"
"1865","Dendritic cells"
"1866","CD8 T cells"
"1867","CD8 T cells"
"1868","B cells"
"1869","CD8 T cells"
"1870","B cells"
"1871","HEK cells"
"1872","HEK cells"
"1873","HEK cells"
"1874","B cells"
"1875","Dendritic cells"
"1876","NK cells"
"1877","HEK cells"
"1878","CD4 T cells"
"1879","HEK cells"
"1880","HEK cells"
"1881","CD4 T cells"
"1882","HEK cells"
"1883","HEK cells"
"1884","HEK cells"
"1885","CD8 T cells"
"1886","HEK cells"
"1887","HEK cells"
"1888","HEK cells"
"1889","CD8 T cells"
"1890","CD8 T cells"
"1891","CD14+ Monocytes"
"1892","HEK cells"
"1893","CD8 T cells"
"1894","CD4 T cells"
"1895","HEK cells"
"1896","HEK cells"
"1897","CD4 T cells"
"1898","CD8 T cells"
"1899","HEK cells"
"1900","CD4 T cells"
"1901","CD4 T cells"
"1902","CD8 T cells"
"1903","CD8 T cells"
"1904","FCGR3A+ Monocytes"
"1905","CD14+ Monocytes"
"1906","HEK cells"
"1907","CD4 T cells"
"1908","CD14+ Monocytes"
"1909","HEK cells"
"1910","CD8 T cells"
"1911","HEK cells"
"1912","CD8 T cells"
"1913","CD8 T cells"
"1914","HEK cells"
"1915","CD14+ Monocytes"
"1916","HEK cells"
"1917","CD14+ Monocytes"
"1918","CD8 T cells"
"1919","HEK cells"
"1920","HEK cells"
"1921","NK cells"
"1922","HEK cells"
"1923","NK cells"
"1924","HEK cells"
"1925","CD8 T cells"
"1926","HEK cells"
"1927","CD14+ Monocytes"
"1928","FCGR3A+ Monocytes"
"1929","HEK cells"
"1930","CD4 T cells"
"1931","HEK cells"
"1932","CD14+ Monocytes"
"1933","HEK cells"
"1934","FCGR3A+ Monocytes"
"1935","CD8 T cells"
"1936","CD8 T cells"
"1937","CD8 T cells"
"1938","CD4 T cells"
"1939","HEK cells"
"1940","CD8 T cells"
"1941","CD8 T cells"
"1942","HEK cells"
"1943","CD14+ Monocytes"
"1944","CD8 T cells"
"1945","CD4 T cells"
"1946","CD4 T cells"
"1947","B cells"
"1948","HEK cells"
"1949","HEK cells"
"1950","HEK cells"
"1951","HEK cells"
"1952","HEK cells"
"1953","HEK cells"
"1954","CD4 T cells"
"1955","B cells"
"1956","HEK cells"
"1957","HEK cells"
"1958","CD4 T cells"
"1959","CD8 T cells"
"1960","CD4 T cells"
"1961","B cells"
"1962","HEK cells"
"1963","HEK cells"
"1964","CD4 T cells"
"1965","CD4 T cells"
"1966","CD8 T cells"
"1967","CD4 T cells"
"1968","CD14+ Monocytes"
"1969","CD8 T cells"
"1970","Dendritic cells"
"1971","CD8 T cells"
"1972","HEK cells"
"1973","HEK cells"
"1974","CD8 T cells"
"1975","CD14+ Monocytes"
"1976","B cells"
"1977","B cells"
"1978","HEK cells"
"1979","HEK cells"
"1980","HEK cells"
"1981","B cells"
"1982","HEK cells"
"1983","CD4 T cells"
"1984","B cells"
"1985","CD4 T cells"
"1986","HEK cells"
"1987","HEK cells"
"1988","CD8 T cells"
"1989","HEK cells"
"1990","HEK cells"
"1991","HEK cells"
"1992","HEK cells"
"1993","HEK cells"
"1994","HEK cells"
"1995","HEK cells"
"1996","B cells"
"1997","HEK cells"
"1998","HEK cells"
"1999","CD4 T cells"
"2000","HEK cells"
"2001","HEK cells"
"2002","B cells"
"2003","CD4 T cells"
"2004","HEK cells"
"2005","CD4 T cells"
"2006","HEK cells"
"2007","FCGR3A+ Monocytes"
"2008","CD14+ Monocytes"
"2009","HEK cells"
"2010","CD14+ Monocytes"
"2011","HEK cells"
"2012","HEK cells"
"2013","HEK cells"
"2014","HEK cells"
"2015","CD4 T cells"
"2016","HEK cells"
"2017","CD8 T cells"
"2018","HEK cells"
"2019","HEK cells"
"2020","CD4 T cells"
"2021","HEK cells"
"2022","CD4 T cells"
"2023","CD8 T cells"
"2024","CD8 T cells"
"2025","HEK cells"
"2026","B cells"
"2027","CD4 T cells"
"2028","HEK cells"
"2029","CD4 T cells"
"2030","HEK cells"
"2031","CD14+ Monocytes"
"2032","CD4 T cells"
"2033","CD4 T cells"
"2034","HEK cells"
"2035","CD14+ Monocytes"
"2036","CD14+ Monocytes"
"2037","NK cells"
"2038","CD14+ Monocytes"
"2039","HEK cells"
"2040","HEK cells"
"2041","B cells"
"2042","HEK cells"
"2043","HEK cells"
"2044","HEK cells"
"2045","HEK cells"
"2046","HEK cells"
"2047","CD4 T cells"
"2048","CD4 T cells"
"2049","HEK cells"
"2050","HEK cells"
"2051","CD14+ Monocytes"
"2052","HEK cells"
"2053","HEK cells"
"2054","HEK cells"
"2055","CD14+ Monocytes"
"2056","CD14+ Monocytes"
"2057","CD4 T cells"
"2058","HEK cells"
"2059","HEK cells"
"2060","HEK cells"
"2061","CD14+ Monocytes"
"2062","CD4 T cells"
"2063","CD4 T cells"
"2064","CD8 T cells"
"2065","B cells"
"2066","HEK cells"
"2067","HEK cells"
"2068","HEK cells"
"2069","B cells"
"2070","CD8 T cells"
"2071","CD14+ Monocytes"
"2072","HEK cells"
"2073","FCGR3A+ Monocytes"
"2074","HEK cells"
"2075","HEK cells"
"2076","B cells"
"2077","B cells"
"2078","HEK cells"
"2079","CD14+ Monocytes"
"2080","HEK cells"
"2081","CD8 T cells"
"2082","B cells"
"2083","CD14+ Monocytes"
"2084","HEK cells"
"2085","CD14+ Monocytes"
"2086","HEK cells"
"2087","HEK cells"
"2088","HEK cells"
"2089","CD4 T cells"
"2090","CD8 T cells"
"2091","HEK cells"
"2092","CD4 T cells"
"2093","HEK cells"
"2094","FCGR3A+ Monocytes"
"2095","HEK cells"
"2096","NK cells"
"2097","B cells"
"2098","HEK cells"
"2099","HEK cells"
"2100","CD8 T cells"
"2101","CD4 T cells"
"2102","CD14+ Monocytes"
"2103","CD4 T cells"
"2104","CD4 T cells"
"2105","HEK cells"
"2106","HEK cells"
"2107","B cells"
"2108","HEK cells"
"2109","HEK cells"
"2110","HEK cells"
"2111","Dendritic cells"
"2112","HEK cells"
"2113","CD8 T cells"
"2114","B cells"
"2115","B cells"
"2116","FCGR3A+ Monocytes"
"2117","CD8 T cells"
"2118","CD8 T cells"
"2119","CD14+ Monocytes"
"2120","CD14+ Monocytes"
"2121","CD4 T cells"
"2122","CD8 T cells"
"2123","CD8 T cells"
"2124","CD4 T cells"
"2125","HEK cells"
"2126","HEK cells"
"2127","HEK cells"
"2128","HEK cells"
"2129","HEK cells"
"2130","CD14+ Monocytes"
"2131","HEK cells"
"2132","CD14+ Monocytes"
"2133","HEK cells"
"2134","CD4 T cells"
"2135","HEK cells"
"2136","HEK cells"
"2137","CD4 T cells"
"2138","HEK cells"
"2139","CD8 T cells"
"2140","HEK cells"
"2141","HEK cells"
"2142","HEK cells"
"2143","CD8 T cells"
"2144","CD14+ Monocytes"
"2145","CD8 T cells"
"2146","CD4 T cells"
"2147","HEK cells"
"2148","HEK cells"
"2149","B cells"
"2150","HEK cells"
"2151","Dendritic cells"
"2152","B cells"
"2153","CD8 T cells"
"2154","CD4 T cells"
"2155","B cells"
"2156","HEK cells"
"2157","CD4 T cells"
"2158","NK cells"
"2159","B cells"
"2160","HEK cells"
"2161","CD8 T cells"
"2162","FCGR3A+ Monocytes"
"2163","HEK cells"
"2164","HEK cells"
"2165","B cells"
"2166","HEK cells"
"2167","B cells"
"2168","CD4 T cells"
"2169","HEK cells"
"2170","CD4 T cells"
"2171","CD8 T cells"
"2172","HEK cells"
"2173","HEK cells"
"2174","B cells"
"2175","HEK cells"
"2176","HEK cells"
"2177","FCGR3A+ Monocytes"
"2178","HEK cells"
"2179","HEK cells"
"2180","HEK cells"
"2181","HEK cells"
"2182","HEK cells"
"2183","CD8 T cells"
"2184","CD8 T cells"
"2185","HEK cells"
"2186","HEK cells"
"2187","CD14+ Monocytes"
"2188","B cells"
"2189","HEK cells"
"2190","CD8 T cells"
"2191","HEK cells"
"2192","CD4 T cells"
"2193","HEK cells"
"2194","HEK cells"
"2195","CD8 T cells"
"2196","FCGR3A+ Monocytes"
"2197","HEK cells"
"2198","HEK cells"
"2199","HEK cells"
"2200","CD4 T cells"
"2201","CD8 T cells"
"2202","CD8 T cells"
"2203","CD4 T cells"
"2204","CD4 T cells"
"2205","HEK cells"
"2206","CD4 T cells"
"2207","HEK cells"
"2208","CD14+ Monocytes"
"2209","HEK cells"
"2210","HEK cells"
"2211","HEK cells"
"2212","HEK cells"
"2213","HEK cells"
"2214","HEK cells"
"2215","HEK cells"
"2216","CD4 T cells"
