"","x"
"1","HEK cells"
"2","NK cells"
"3","CD8 T cells"
"4","NK cells"
"5","CD8 T cells"
"6","HEK cells"
"7","CD8 T cells"
"8","CD8 T cells"
"9","NK cells"
"10","HEK cells"
"11","HEK cells"
"12","HEK cells"
"13","HEK cells"
"14","CD4 T cells"
"15","HEK cells"
"16","HEK cells"
"17","CD4 T cells"
"18","HEK cells"
"19","HEK cells"
"20","CD8 T cells"
"21","NK cells"
"22","NK cells"
"23","HEK cells"
"24","HEK cells"
"25","HEK cells"
"26","HEK cells"
"27","CD8 T cells"
"28","HEK cells"
"29","HEK cells"
"30","Megakaryocytes"
"31","CD4 T cells"
"32","CD8 T cells"
"33","B cells"
"34","NK cells"
"35","CD8 T cells"
"36","CD4 T cells"
"37","NK cells"
"38","FCGR3A+ Monocytes"
"39","HEK cells"
"40","NK cells"
"41","HEK cells"
"42","HEK cells"
"43","B cells"
"44","HEK cells"
"45","CD14+ Monocytes"
"46","HEK cells"
"47","HEK cells"
"48","CD8 T cells"
"49","CD14+ Monocytes"
"50","CD4 T cells"
"51","CD14+ Monocytes"
"52","NK cells"
"53","NK cells"
"54","B cells"
"55","CD4 T cells"
"56","HEK cells"
"57","Dendritic cells"
"58","HEK cells"
"59","B cells"
"60","HEK cells"
"61","HEK cells"
"62","HEK cells"
"63","CD8 T cells"
"64","CD14+ Monocytes"
"65","CD8 T cells"
"66","CD4 T cells"
"67","CD8 T cells"
"68","CD4 T cells"
"69","CD4 T cells"
"70","HEK cells"
"71","CD4 T cells"
"72","CD14+ Monocytes"
"73","CD8 T cells"
"74","CD4 T cells"
"75","CD4 T cells"
"76","CD8 T cells"
"77","CD8 T cells"
"78","CD8 T cells"
"79","CD8 T cells"
"80","HEK cells"
"81","CD8 T cells"
"82","CD8 T cells"
"83","CD4 T cells"
"84","HEK cells"
"85","NK cells"
"86","CD8 T cells"
"87","HEK cells"
"88","HEK cells"
"89","CD8 T cells"
"90","CD4 T cells"
"91","CD8 T cells"
"92","HEK cells"
"93","HEK cells"
"94","NK cells"
"95","B cells"
"96","CD4 T cells"
"97","HEK cells"
"98","B cells"
"99","HEK cells"
"100","CD4 T cells"
"101","B cells"
"102","HEK cells"
"103","CD4 T cells"
"104","HEK cells"
"105","HEK cells"
"106","HEK cells"
"107","CD8 T cells"
"108","CD4 T cells"
"109","Dendritic cells"
"110","CD8 T cells"
"111","FCGR3A+ Monocytes"
"112","HEK cells"
"113","NK cells"
"114","CD8 T cells"
"115","HEK cells"
"116","Dendritic cells"
"117","CD8 T cells"
"118","CD14+ Monocytes"
"119","CD8 T cells"
"120","NK cells"
"121","HEK cells"
"122","CD4 T cells"
"123","CD4 T cells"
"124","CD4 T cells"
"125","HEK cells"
"126","B cells"
"127","HEK cells"
"128","NK cells"
"129","CD8 T cells"
"130","CD8 T cells"
"131","HEK cells"
"132","HEK cells"
"133","CD8 T cells"
"134","HEK cells"
"135","NK cells"
"136","B cells"
"137","CD4 T cells"
"138","HEK cells"
"139","CD4 T cells"
"140","CD8 T cells"
"141","CD4 T cells"
"142","CD4 T cells"
"143","HEK cells"
"144","CD4 T cells"
"145","CD4 T cells"
"146","CD8 T cells"
"147","HEK cells"
"148","CD4 T cells"
"149","HEK cells"
"150","CD4 T cells"
"151","HEK cells"
"152","B cells"
"153","CD4 T cells"
"154","CD14+ Monocytes"
"155","Dendritic cells"
"156","NK cells"
"157","CD4 T cells"
"158","HEK cells"
"159","B cells"
"160","CD4 T cells"
"161","HEK cells"
"162","CD4 T cells"
"163","CD14+ Monocytes"
"164","CD8 T cells"
"165","HEK cells"
"166","CD4 T cells"
"167","HEK cells"
"168","HEK cells"
"169","HEK cells"
"170","HEK cells"
"171","HEK cells"
"172","CD4 T cells"
"173","HEK cells"
"174","HEK cells"
"175","HEK cells"
"176","HEK cells"
"177","HEK cells"
"178","CD14+ Monocytes"
"179","HEK cells"
"180","NK cells"
"181","CD4 T cells"
"182","CD4 T cells"
"183","CD4 T cells"
"184","CD4 T cells"
"185","CD4 T cells"
"186","CD8 T cells"
"187","CD4 T cells"
"188","CD8 T cells"
"189","CD8 T cells"
"190","B cells"
"191","HEK cells"
"192","HEK cells"
"193","HEK cells"
"194","CD8 T cells"
"195","HEK cells"
"196","HEK cells"
"197","B cells"
"198","NK cells"
"199","HEK cells"
"200","NK cells"
"201","NK cells"
"202","HEK cells"
"203","NK cells"
"204","HEK cells"
"205","B cells"
"206","HEK cells"
"207","CD8 T cells"
"208","CD4 T cells"
"209","HEK cells"
"210","FCGR3A+ Monocytes"
"211","CD4 T cells"
"212","HEK cells"
"213","CD4 T cells"
"214","HEK cells"
"215","HEK cells"
"216","HEK cells"
"217","CD8 T cells"
"218","HEK cells"
"219","HEK cells"
"220","CD14+ Monocytes"
"221","HEK cells"
"222","CD14+ Monocytes"
"223","CD8 T cells"
"224","HEK cells"
"225","HEK cells"
"226","CD8 T cells"
"227","CD14+ Monocytes"
"228","HEK cells"
"229","NK cells"
"230","CD8 T cells"
"231","CD8 T cells"
"232","CD8 T cells"
"233","CD8 T cells"
"234","B cells"
"235","HEK cells"
"236","CD4 T cells"
"237","HEK cells"
"238","NK cells"
"239","HEK cells"
"240","NK cells"
"241","HEK cells"
"242","CD4 T cells"
"243","CD8 T cells"
"244","CD4 T cells"
"245","CD8 T cells"
"246","CD8 T cells"
"247","CD8 T cells"
"248","CD8 T cells"
"249","B cells"
"250","HEK cells"
"251","FCGR3A+ Monocytes"
"252","CD8 T cells"
"253","CD4 T cells"
"254","CD14+ Monocytes"
"255","HEK cells"
"256","B cells"
"257","CD4 T cells"
"258","HEK cells"
"259","CD4 T cells"
"260","HEK cells"
"261","CD8 T cells"
"262","B cells"
"263","CD4 T cells"
"264","HEK cells"
"265","HEK cells"
"266","HEK cells"
"267","NK cells"
"268","CD8 T cells"
"269","NK cells"
"270","CD8 T cells"
"271","NK cells"
"272","CD8 T cells"
"273","FCGR3A+ Monocytes"
"274","CD4 T cells"
"275","CD14+ Monocytes"
"276","CD4 T cells"
"277","HEK cells"
"278","CD8 T cells"
"279","CD4 T cells"
"280","HEK cells"
"281","CD4 T cells"
"282","CD8 T cells"
"283","CD8 T cells"
"284","CD8 T cells"
"285","B cells"
"286","Dendritic cells"
"287","CD4 T cells"
"288","HEK cells"
"289","HEK cells"
"290","HEK cells"
"291","FCGR3A+ Monocytes"
"292","CD4 T cells"
"293","CD14+ Monocytes"
"294","B cells"
"295","CD8 T cells"
"296","NK cells"
"297","CD8 T cells"
"298","HEK cells"
"299","CD4 T cells"
"300","HEK cells"
"301","NK cells"
"302","HEK cells"
"303","HEK cells"
"304","HEK cells"
"305","CD4 T cells"
"306","NK cells"
"307","HEK cells"
"308","CD8 T cells"
"309","HEK cells"
"310","HEK cells"
"311","CD4 T cells"
"312","HEK cells"
"313","HEK cells"
"314","HEK cells"
"315","B cells"
"316","CD8 T cells"
"317","CD4 T cells"
"318","HEK cells"
"319","NK cells"
"320","CD8 T cells"
"321","CD4 T cells"
"322","CD8 T cells"
"323","CD4 T cells"
"324","FCGR3A+ Monocytes"
"325","B cells"
"326","CD4 T cells"
"327","NK cells"
"328","CD8 T cells"
"329","CD8 T cells"
"330","CD8 T cells"
"331","CD8 T cells"
"332","HEK cells"
"333","HEK cells"
"334","CD4 T cells"
"335","NK cells"
"336","CD4 T cells"
"337","HEK cells"
"338","HEK cells"
"339","FCGR3A+ Monocytes"
"340","CD8 T cells"
"341","HEK cells"
"342","NK cells"
"343","HEK cells"
"344","HEK cells"
"345","CD4 T cells"
"346","NK cells"
"347","HEK cells"
"348","NK cells"
"349","NK cells"
"350","NK cells"
"351","NK cells"
"352","CD14+ Monocytes"
"353","CD4 T cells"
"354","NK cells"
"355","HEK cells"
"356","CD8 T cells"
"357","CD4 T cells"
"358","CD8 T cells"
"359","CD4 T cells"
"360","HEK cells"
"361","CD8 T cells"
"362","CD8 T cells"
"363","CD14+ Monocytes"
"364","HEK cells"
"365","CD8 T cells"
"366","CD14+ Monocytes"
"367","B cells"
"368","CD8 T cells"
"369","CD8 T cells"
"370","HEK cells"
"371","CD4 T cells"
"372","HEK cells"
"373","CD8 T cells"
"374","NK cells"
"375","NK cells"
"376","CD4 T cells"
"377","NK cells"
"378","HEK cells"
"379","CD8 T cells"
"380","HEK cells"
"381","CD4 T cells"
"382","CD4 T cells"
"383","CD8 T cells"
"384","NK cells"
"385","HEK cells"
"386","CD4 T cells"
"387","CD4 T cells"
"388","CD4 T cells"
"389","CD8 T cells"
"390","CD14+ Monocytes"
"391","CD14+ Monocytes"
"392","CD14+ Monocytes"
"393","HEK cells"
"394","HEK cells"
"395","CD8 T cells"
"396","HEK cells"
"397","CD14+ Monocytes"
"398","CD14+ Monocytes"
"399","HEK cells"
"400","CD8 T cells"
"401","HEK cells"
"402","HEK cells"
"403","FCGR3A+ Monocytes"
"404","CD4 T cells"
"405","NK cells"
"406","HEK cells"
"407","HEK cells"
"408","CD14+ Monocytes"
"409","HEK cells"
"410","HEK cells"
"411","HEK cells"
"412","CD8 T cells"
"413","FCGR3A+ Monocytes"
"414","NK cells"
"415","HEK cells"
"416","B cells"
"417","HEK cells"
"418","CD4 T cells"
"419","HEK cells"
"420","HEK cells"
"421","NK cells"
"422","CD4 T cells"
"423","CD4 T cells"
"424","NK cells"
"425","CD14+ Monocytes"
"426","CD4 T cells"
"427","HEK cells"
"428","HEK cells"
"429","B cells"
"430","CD4 T cells"
"431","NK cells"
"432","CD4 T cells"
"433","CD4 T cells"
"434","CD8 T cells"
"435","HEK cells"
"436","CD4 T cells"
"437","HEK cells"
"438","HEK cells"
"439","CD8 T cells"
"440","CD8 T cells"
"441","B cells"
"442","FCGR3A+ Monocytes"
"443","HEK cells"
"444","CD4 T cells"
"445","HEK cells"
"446","HEK cells"
"447","B cells"
"448","HEK cells"
"449","NK cells"
"450","CD4 T cells"
"451","B cells"
"452","HEK cells"
"453","HEK cells"
"454","CD14+ Monocytes"
"455","CD8 T cells"
"456","CD4 T cells"
"457","CD8 T cells"
"458","HEK cells"
"459","B cells"
"460","CD4 T cells"
"461","CD8 T cells"
"462","NK cells"
"463","CD8 T cells"
"464","NK cells"
"465","NK cells"
"466","CD8 T cells"
"467","HEK cells"
"468","HEK cells"
"469","CD8 T cells"
"470","CD4 T cells"
"471","CD4 T cells"
"472","HEK cells"
"473","B cells"
"474","CD8 T cells"
"475","HEK cells"
"476","HEK cells"
"477","HEK cells"
"478","CD8 T cells"
"479","CD4 T cells"
"480","CD4 T cells"
"481","CD14+ Monocytes"
"482","B cells"
"483","CD14+ Monocytes"
"484","CD14+ Monocytes"
"485","CD8 T cells"
"486","HEK cells"
"487","CD8 T cells"
"488","CD8 T cells"
"489","CD4 T cells"
"490","B cells"
"491","CD4 T cells"
"492","NK cells"
"493","FCGR3A+ Monocytes"
"494","FCGR3A+ Monocytes"
"495","NK cells"
"496","B cells"
"497","HEK cells"
"498","CD4 T cells"
"499","CD8 T cells"
"500","NK cells"
"501","B cells"
"502","B cells"
"503","FCGR3A+ Monocytes"
"504","HEK cells"
"505","FCGR3A+ Monocytes"
"506","CD4 T cells"
"507","FCGR3A+ Monocytes"
"508","CD4 T cells"
"509","HEK cells"
"510","NK cells"
"511","CD8 T cells"
"512","HEK cells"
"513","HEK cells"
"514","HEK cells"
"515","HEK cells"
"516","CD4 T cells"
"517","CD4 T cells"
"518","HEK cells"
"519","NK cells"
"520","HEK cells"
"521","CD4 T cells"
"522","CD4 T cells"
"523","CD8 T cells"
"524","B cells"
"525","HEK cells"
"526","CD14+ Monocytes"
"527","Dendritic cells"
"528","CD4 T cells"
"529","CD4 T cells"
"530","NK cells"
"531","CD8 T cells"
"532","HEK cells"
"533","HEK cells"
"534","HEK cells"
"535","B cells"
"536","CD4 T cells"
"537","Dendritic cells"
"538","CD4 T cells"
"539","CD4 T cells"
"540","CD8 T cells"
"541","CD4 T cells"
"542","B cells"
"543","CD4 T cells"
"544","CD14+ Monocytes"
"545","CD8 T cells"
"546","CD8 T cells"
"547","CD14+ Monocytes"
"548","B cells"
"549","CD4 T cells"
"550","CD4 T cells"
"551","HEK cells"
"552","HEK cells"
"553","CD14+ Monocytes"
"554","CD8 T cells"
"555","CD14+ Monocytes"
"556","CD8 T cells"
"557","B cells"
"558","CD4 T cells"
"559","HEK cells"
"560","B cells"
"561","CD8 T cells"
"562","NK cells"
"563","CD14+ Monocytes"
"564","NK cells"
"565","CD8 T cells"
"566","B cells"
"567","FCGR3A+ Monocytes"
"568","HEK cells"
"569","CD8 T cells"
"570","NK cells"
"571","CD8 T cells"
"572","CD8 T cells"
"573","NK cells"
"574","HEK cells"
"575","HEK cells"
"576","HEK cells"
"577","CD4 T cells"
"578","CD4 T cells"
"579","HEK cells"
"580","HEK cells"
"581","HEK cells"
"582","NK cells"
"583","CD4 T cells"
"584","NK cells"
"585","HEK cells"
"586","CD4 T cells"
"587","HEK cells"
"588","B cells"
"589","HEK cells"
"590","HEK cells"
"591","CD8 T cells"
"592","CD4 T cells"
"593","HEK cells"
"594","NK cells"
"595","HEK cells"
"596","CD4 T cells"
"597","HEK cells"
"598","CD4 T cells"
"599","CD8 T cells"
"600","CD4 T cells"
"601","B cells"
"602","CD4 T cells"
"603","CD8 T cells"
"604","HEK cells"
"605","CD8 T cells"
"606","NK cells"
"607","HEK cells"
"608","HEK cells"
"609","CD8 T cells"
"610","CD8 T cells"
"611","CD8 T cells"
"612","CD8 T cells"
"613","FCGR3A+ Monocytes"
"614","CD4 T cells"
"615","HEK cells"
"616","HEK cells"
"617","HEK cells"
"618","HEK cells"
"619","CD8 T cells"
"620","HEK cells"
"621","HEK cells"
"622","NK cells"
"623","NK cells"
"624","HEK cells"
"625","CD4 T cells"
"626","HEK cells"
"627","HEK cells"
"628","CD8 T cells"
"629","HEK cells"
"630","HEK cells"
"631","CD4 T cells"
"632","NK cells"
"633","CD4 T cells"
"634","CD4 T cells"
"635","CD8 T cells"
"636","CD4 T cells"
"637","CD4 T cells"
"638","CD8 T cells"
"639","FCGR3A+ Monocytes"
"640","NK cells"
"641","NK cells"
"642","HEK cells"
"643","HEK cells"
"644","NK cells"
"645","CD8 T cells"
"646","CD14+ Monocytes"
"647","NK cells"
"648","CD4 T cells"
"649","CD4 T cells"
"650","CD8 T cells"
"651","B cells"
"652","CD4 T cells"
"653","HEK cells"
"654","HEK cells"
"655","CD8 T cells"
"656","CD14+ Monocytes"
"657","HEK cells"
"658","FCGR3A+ Monocytes"
"659","HEK cells"
"660","CD4 T cells"
"661","FCGR3A+ Monocytes"
"662","CD8 T cells"
"663","CD4 T cells"
"664","CD8 T cells"
"665","HEK cells"
"666","CD8 T cells"
"667","CD4 T cells"
"668","CD8 T cells"
"669","CD4 T cells"
"670","NK cells"
"671","CD8 T cells"
"672","NK cells"
"673","NK cells"
"674","NK cells"
"675","CD4 T cells"
"676","CD14+ Monocytes"
"677","CD8 T cells"
"678","CD4 T cells"
"679","CD8 T cells"
"680","CD8 T cells"
"681","CD4 T cells"
"682","CD4 T cells"
"683","CD8 T cells"
"684","HEK cells"
"685","CD4 T cells"
"686","CD4 T cells"
"687","FCGR3A+ Monocytes"
"688","CD4 T cells"
"689","CD14+ Monocytes"
"690","CD4 T cells"
"691","CD8 T cells"
"692","CD8 T cells"
"693","HEK cells"
"694","CD14+ Monocytes"
"695","HEK cells"
"696","NK cells"
"697","CD4 T cells"
"698","HEK cells"
"699","NK cells"
"700","HEK cells"
"701","Dendritic cells"
"702","CD4 T cells"
"703","HEK cells"
"704","HEK cells"
"705","CD14+ Monocytes"
"706","CD8 T cells"
"707","HEK cells"
"708","CD4 T cells"
"709","NK cells"
"710","CD8 T cells"
"711","CD8 T cells"
"712","HEK cells"
"713","CD8 T cells"
"714","CD8 T cells"
"715","HEK cells"
"716","CD8 T cells"
"717","HEK cells"
"718","CD8 T cells"
"719","CD14+ Monocytes"
"720","Dendritic cells"
"721","CD8 T cells"
"722","B cells"
"723","B cells"
"724","CD4 T cells"
"725","HEK cells"
"726","NK cells"
"727","CD4 T cells"
"728","CD8 T cells"
"729","CD4 T cells"
"730","B cells"
"731","CD4 T cells"
"732","CD4 T cells"
"733","CD4 T cells"
"734","CD14+ Monocytes"
"735","CD4 T cells"
"736","B cells"
"737","NK cells"
"738","HEK cells"
"739","HEK cells"
"740","HEK cells"
"741","CD8 T cells"
"742","CD8 T cells"
"743","HEK cells"
"744","CD14+ Monocytes"
"745","CD4 T cells"
"746","NK cells"
"747","CD4 T cells"
"748","CD4 T cells"
"749","CD4 T cells"
"750","CD14+ Monocytes"
"751","HEK cells"
"752","CD14+ Monocytes"
"753","CD4 T cells"
"754","CD4 T cells"
"755","CD4 T cells"
"756","HEK cells"
"757","CD14+ Monocytes"
"758","CD14+ Monocytes"
"759","CD4 T cells"
"760","NK cells"
"761","CD4 T cells"
"762","CD14+ Monocytes"
"763","CD4 T cells"
"764","CD14+ Monocytes"
"765","CD8 T cells"
"766","CD4 T cells"
"767","CD14+ Monocytes"
"768","CD14+ Monocytes"
"769","CD14+ Monocytes"
"770","CD4 T cells"
"771","CD4 T cells"
"772","CD14+ Monocytes"
"773","CD4 T cells"
"774","CD4 T cells"
"775","B cells"
"776","NK cells"
"777","CD8 T cells"
"778","CD8 T cells"
"779","CD8 T cells"
"780","CD4 T cells"
"781","CD8 T cells"
"782","CD8 T cells"
"783","CD8 T cells"
"784","CD4 T cells"
"785","NK cells"
"786","CD8 T cells"
"787","HEK cells"
"788","CD4 T cells"
"789","CD8 T cells"
"790","CD4 T cells"
"791","HEK cells"
"792","CD14+ Monocytes"
"793","B cells"
"794","CD8 T cells"
"795","CD8 T cells"
"796","CD14+ Monocytes"
"797","CD8 T cells"
"798","CD8 T cells"
"799","NK cells"
"800","CD8 T cells"
"801","HEK cells"
"802","CD8 T cells"
"803","CD4 T cells"
"804","HEK cells"
"805","NK cells"
"806","CD4 T cells"
"807","HEK cells"
"808","CD4 T cells"
"809","CD8 T cells"
"810","HEK cells"
"811","HEK cells"
"812","HEK cells"
"813","CD4 T cells"
"814","B cells"
"815","NK cells"
"816","NK cells"
"817","CD4 T cells"
"818","NK cells"
"819","Dendritic cells"
"820","CD8 T cells"
"821","CD4 T cells"
"822","CD8 T cells"
"823","CD8 T cells"
"824","B cells"
"825","CD8 T cells"
"826","NK cells"
"827","NK cells"
"828","CD4 T cells"
"829","HEK cells"
"830","HEK cells"
"831","HEK cells"
"832","Dendritic cells"
"833","CD4 T cells"
"834","HEK cells"
"835","HEK cells"
"836","CD8 T cells"
"837","CD8 T cells"
"838","CD4 T cells"
"839","CD4 T cells"
"840","Dendritic cells"
"841","HEK cells"
"842","CD14+ Monocytes"
"843","HEK cells"
"844","CD4 T cells"
"845","CD14+ Monocytes"
"846","CD8 T cells"
"847","HEK cells"
"848","CD8 T cells"
"849","HEK cells"
"850","FCGR3A+ Monocytes"
"851","NK cells"
"852","HEK cells"
"853","CD8 T cells"
"854","B cells"
"855","NK cells"
"856","NK cells"
"857","HEK cells"
"858","CD14+ Monocytes"
"859","CD14+ Monocytes"
"860","HEK cells"
"861","CD8 T cells"
"862","NK cells"
"863","CD8 T cells"
"864","B cells"
"865","CD4 T cells"
"866","CD4 T cells"
"867","CD14+ Monocytes"
"868","CD4 T cells"
"869","FCGR3A+ Monocytes"
"870","HEK cells"
"871","HEK cells"
"872","FCGR3A+ Monocytes"
"873","HEK cells"
"874","CD8 T cells"
"875","HEK cells"
"876","HEK cells"
"877","CD4 T cells"
"878","CD8 T cells"
"879","HEK cells"
"880","CD4 T cells"
"881","Dendritic cells"
"882","CD4 T cells"
"883","HEK cells"
"884","NK cells"
"885","HEK cells"
"886","CD8 T cells"
"887","Dendritic cells"
"888","NK cells"
"889","NK cells"
"890","CD4 T cells"
"891","CD8 T cells"
"892","CD8 T cells"
"893","Dendritic cells"
"894","NK cells"
"895","CD8 T cells"
"896","Dendritic cells"
"897","HEK cells"
"898","HEK cells"
"899","FCGR3A+ Monocytes"
"900","NK cells"
"901","HEK cells"
"902","NK cells"
"903","HEK cells"
"904","CD8 T cells"
"905","CD8 T cells"
"906","CD8 T cells"
"907","CD8 T cells"
"908","HEK cells"
"909","CD8 T cells"
"910","CD8 T cells"
"911","NK cells"
"912","CD4 T cells"
"913","B cells"
"914","Megakaryocytes"
"915","CD8 T cells"
"916","CD4 T cells"
"917","CD14+ Monocytes"
"918","CD4 T cells"
"919","CD4 T cells"
"920","CD4 T cells"
"921","CD4 T cells"
"922","HEK cells"
"923","CD8 T cells"
"924","NK cells"
"925","CD4 T cells"
"926","CD4 T cells"
"927","CD14+ Monocytes"
"928","CD14+ Monocytes"
"929","CD4 T cells"
"930","CD14+ Monocytes"
"931","CD8 T cells"
"932","HEK cells"
"933","NK cells"
"934","CD4 T cells"
"935","CD8 T cells"
"936","NK cells"
"937","HEK cells"
"938","CD14+ Monocytes"
"939","CD8 T cells"
"940","NK cells"
"941","HEK cells"
"942","CD8 T cells"
"943","CD8 T cells"
"944","HEK cells"
"945","CD4 T cells"
"946","CD4 T cells"
"947","HEK cells"
"948","FCGR3A+ Monocytes"
"949","CD8 T cells"
"950","HEK cells"
"951","HEK cells"
"952","CD4 T cells"
"953","CD4 T cells"
"954","HEK cells"
"955","HEK cells"
"956","Dendritic cells"
"957","CD14+ Monocytes"
"958","CD8 T cells"
"959","CD8 T cells"
"960","B cells"
"961","HEK cells"
"962","CD8 T cells"
"963","HEK cells"
"964","HEK cells"
"965","B cells"
"966","NK cells"
"967","HEK cells"
"968","CD8 T cells"
"969","CD8 T cells"
"970","CD8 T cells"
"971","HEK cells"
"972","HEK cells"
"973","CD4 T cells"
"974","CD14+ Monocytes"
"975","HEK cells"
"976","CD8 T cells"
"977","NK cells"
"978","Dendritic cells"
"979","HEK cells"
"980","B cells"
"981","NK cells"
"982","B cells"
"983","CD4 T cells"
"984","HEK cells"
"985","HEK cells"
"986","HEK cells"
"987","HEK cells"
"988","HEK cells"
"989","HEK cells"
"990","CD4 T cells"
"991","CD4 T cells"
"992","NK cells"
"993","CD14+ Monocytes"
"994","HEK cells"
"995","HEK cells"
"996","CD4 T cells"
"997","FCGR3A+ Monocytes"
"998","CD14+ Monocytes"
"999","CD4 T cells"
"1000","HEK cells"
"1001","CD8 T cells"
"1002","HEK cells"
"1003","HEK cells"
"1004","HEK cells"
"1005","HEK cells"
"1006","CD4 T cells"
"1007","CD4 T cells"
"1008","HEK cells"
"1009","CD8 T cells"
"1010","NK cells"
"1011","CD8 T cells"
"1012","NK cells"
"1013","CD8 T cells"
"1014","NK cells"
"1015","B cells"
"1016","CD4 T cells"
"1017","B cells"
"1018","CD4 T cells"
"1019","CD4 T cells"
"1020","CD8 T cells"
"1021","HEK cells"
"1022","FCGR3A+ Monocytes"
"1023","CD4 T cells"
"1024","CD4 T cells"
"1025","CD4 T cells"
"1026","NK cells"
"1027","B cells"
"1028","CD8 T cells"
"1029","HEK cells"
"1030","CD8 T cells"
"1031","NK cells"
"1032","B cells"
"1033","HEK cells"
"1034","CD4 T cells"
"1035","Dendritic cells"
"1036","CD8 T cells"
"1037","HEK cells"
"1038","FCGR3A+ Monocytes"
"1039","CD4 T cells"
"1040","B cells"
"1041","CD4 T cells"
"1042","B cells"
"1043","HEK cells"
"1044","HEK cells"
"1045","CD4 T cells"
"1046","HEK cells"
"1047","HEK cells"
"1048","HEK cells"
"1049","CD8 T cells"
"1050","CD4 T cells"
"1051","CD4 T cells"
"1052","HEK cells"
"1053","FCGR3A+ Monocytes"
"1054","B cells"
"1055","CD8 T cells"
"1056","CD8 T cells"
"1057","NK cells"
"1058","CD8 T cells"
"1059","CD8 T cells"
"1060","CD4 T cells"
"1061","HEK cells"
"1062","CD4 T cells"
"1063","CD8 T cells"
"1064","CD8 T cells"
"1065","NK cells"
"1066","CD8 T cells"
"1067","CD4 T cells"
"1068","B cells"
"1069","HEK cells"
"1070","CD4 T cells"
"1071","HEK cells"
"1072","CD4 T cells"
"1073","HEK cells"
"1074","NK cells"
"1075","B cells"
"1076","CD8 T cells"
"1077","NK cells"
"1078","CD14+ Monocytes"
"1079","HEK cells"
"1080","HEK cells"
"1081","CD4 T cells"
"1082","HEK cells"
"1083","HEK cells"
"1084","NK cells"
"1085","NK cells"
"1086","NK cells"
"1087","CD8 T cells"
"1088","CD8 T cells"
"1089","B cells"
"1090","CD8 T cells"
"1091","CD4 T cells"
"1092","CD4 T cells"
"1093","CD8 T cells"
"1094","CD8 T cells"
"1095","HEK cells"
"1096","CD4 T cells"
"1097","HEK cells"
"1098","HEK cells"
"1099","HEK cells"
"1100","B cells"
"1101","CD4 T cells"
"1102","HEK cells"
"1103","CD8 T cells"
"1104","CD14+ Monocytes"
"1105","HEK cells"
"1106","FCGR3A+ Monocytes"
"1107","CD8 T cells"
"1108","CD8 T cells"
"1109","CD8 T cells"
"1110","CD4 T cells"
"1111","HEK cells"
"1112","CD8 T cells"
"1113","HEK cells"
"1114","HEK cells"
"1115","NK cells"
"1116","HEK cells"
"1117","B cells"
"1118","NK cells"
"1119","HEK cells"
"1120","CD14+ Monocytes"
"1121","CD8 T cells"
"1122","CD8 T cells"
"1123","HEK cells"
"1124","NK cells"
"1125","CD8 T cells"
"1126","CD14+ Monocytes"
"1127","CD14+ Monocytes"
"1128","NK cells"
"1129","CD4 T cells"
"1130","HEK cells"
"1131","CD4 T cells"
"1132","CD8 T cells"
"1133","CD8 T cells"
"1134","CD8 T cells"
"1135","CD4 T cells"
"1136","HEK cells"
"1137","CD8 T cells"
"1138","CD4 T cells"
"1139","CD4 T cells"
"1140","B cells"
"1141","CD4 T cells"
"1142","CD8 T cells"
"1143","CD8 T cells"
"1144","CD8 T cells"
"1145","CD4 T cells"
"1146","HEK cells"
"1147","HEK cells"
"1148","HEK cells"
"1149","HEK cells"
"1150","CD4 T cells"
"1151","HEK cells"
"1152","HEK cells"
"1153","HEK cells"
"1154","NK cells"
"1155","CD4 T cells"
"1156","HEK cells"
"1157","CD8 T cells"
"1158","HEK cells"
"1159","CD8 T cells"
"1160","CD4 T cells"
"1161","CD4 T cells"
"1162","HEK cells"
"1163","HEK cells"
"1164","NK cells"
"1165","HEK cells"
"1166","HEK cells"
"1167","B cells"
"1168","NK cells"
"1169","CD8 T cells"
"1170","CD8 T cells"
"1171","HEK cells"
"1172","NK cells"
"1173","HEK cells"
"1174","B cells"
"1175","NK cells"
"1176","B cells"
"1177","HEK cells"
"1178","CD8 T cells"
"1179","CD4 T cells"
"1180","CD4 T cells"
"1181","CD8 T cells"
"1182","HEK cells"
"1183","CD4 T cells"
"1184","HEK cells"
"1185","CD4 T cells"
"1186","HEK cells"
"1187","HEK cells"
"1188","CD8 T cells"
"1189","CD8 T cells"
"1190","NK cells"
"1191","CD8 T cells"
"1192","CD14+ Monocytes"
"1193","HEK cells"
"1194","CD4 T cells"
"1195","CD8 T cells"
"1196","CD4 T cells"
"1197","CD8 T cells"
"1198","CD8 T cells"
"1199","CD4 T cells"
"1200","NK cells"
"1201","CD4 T cells"
"1202","CD4 T cells"
"1203","CD4 T cells"
"1204","CD4 T cells"
"1205","CD14+ Monocytes"
"1206","HEK cells"
"1207","CD4 T cells"
"1208","B cells"
"1209","HEK cells"
"1210","HEK cells"
"1211","HEK cells"
"1212","CD4 T cells"
"1213","HEK cells"
"1214","HEK cells"
"1215","CD4 T cells"
"1216","HEK cells"
"1217","CD8 T cells"
"1218","HEK cells"
"1219","CD8 T cells"
"1220","NK cells"
"1221","CD8 T cells"
"1222","CD4 T cells"
"1223","NK cells"
"1224","CD8 T cells"
"1225","NK cells"
"1226","HEK cells"
"1227","HEK cells"
"1228","NK cells"
"1229","HEK cells"
"1230","FCGR3A+ Monocytes"
"1231","CD4 T cells"
"1232","CD14+ Monocytes"
"1233","CD8 T cells"
"1234","Megakaryocytes"
"1235","CD14+ Monocytes"
"1236","NK cells"
"1237","HEK cells"
"1238","HEK cells"
"1239","HEK cells"
"1240","CD4 T cells"
"1241","NK cells"
"1242","B cells"
"1243","HEK cells"
"1244","HEK cells"
"1245","NK cells"
"1246","CD4 T cells"
"1247","HEK cells"
"1248","HEK cells"
"1249","HEK cells"
"1250","HEK cells"
"1251","CD4 T cells"
"1252","HEK cells"
"1253","HEK cells"
"1254","HEK cells"
"1255","CD4 T cells"
"1256","CD4 T cells"
"1257","CD4 T cells"
"1258","CD8 T cells"
"1259","CD8 T cells"
"1260","CD4 T cells"
"1261","HEK cells"
"1262","CD8 T cells"
"1263","HEK cells"
"1264","B cells"
"1265","HEK cells"
"1266","CD8 T cells"
"1267","B cells"
"1268","CD8 T cells"
"1269","CD4 T cells"
"1270","HEK cells"
"1271","HEK cells"
"1272","CD4 T cells"
"1273","NK cells"
"1274","NK cells"
"1275","CD4 T cells"
"1276","CD4 T cells"
"1277","CD8 T cells"
"1278","NK cells"
"1279","CD14+ Monocytes"
"1280","HEK cells"
"1281","CD4 T cells"
"1282","HEK cells"
"1283","CD14+ Monocytes"
"1284","HEK cells"
"1285","NK cells"
"1286","B cells"
"1287","HEK cells"
"1288","HEK cells"
"1289","NK cells"
"1290","CD14+ Monocytes"
"1291","HEK cells"
"1292","CD8 T cells"
"1293","NK cells"
"1294","CD8 T cells"
"1295","CD8 T cells"
"1296","HEK cells"
"1297","CD8 T cells"
"1298","NK cells"
"1299","CD8 T cells"
"1300","FCGR3A+ Monocytes"
"1301","CD8 T cells"
"1302","HEK cells"
"1303","B cells"
"1304","CD4 T cells"
"1305","HEK cells"
"1306","CD8 T cells"
"1307","HEK cells"
"1308","CD4 T cells"
"1309","CD8 T cells"
"1310","CD4 T cells"
"1311","NK cells"
"1312","CD8 T cells"
"1313","CD4 T cells"
"1314","NK cells"
"1315","HEK cells"
"1316","HEK cells"
"1317","CD8 T cells"
"1318","HEK cells"
"1319","CD4 T cells"
"1320","HEK cells"
"1321","CD8 T cells"
"1322","CD8 T cells"
"1323","HEK cells"
"1324","B cells"
"1325","CD8 T cells"
"1326","CD8 T cells"
"1327","Dendritic cells"
"1328","CD8 T cells"
"1329","CD4 T cells"
"1330","B cells"
"1331","NK cells"
"1332","B cells"
"1333","B cells"
"1334","NK cells"
"1335","CD4 T cells"
"1336","CD4 T cells"
"1337","B cells"
"1338","HEK cells"
"1339","CD8 T cells"
"1340","CD4 T cells"
"1341","CD8 T cells"
"1342","CD4 T cells"
"1343","CD14+ Monocytes"
"1344","CD8 T cells"
"1345","CD8 T cells"
"1346","CD4 T cells"
"1347","CD8 T cells"
"1348","NK cells"
"1349","NK cells"
"1350","HEK cells"
"1351","NK cells"
"1352","HEK cells"
"1353","CD4 T cells"
"1354","CD4 T cells"
"1355","HEK cells"
"1356","HEK cells"
"1357","CD8 T cells"
"1358","HEK cells"
"1359","HEK cells"
"1360","CD4 T cells"
"1361","CD4 T cells"
"1362","CD4 T cells"
"1363","HEK cells"
"1364","HEK cells"
"1365","HEK cells"
"1366","HEK cells"
"1367","CD14+ Monocytes"
"1368","HEK cells"
"1369","CD14+ Monocytes"
"1370","HEK cells"
"1371","CD4 T cells"
"1372","B cells"
"1373","HEK cells"
"1374","CD4 T cells"
"1375","NK cells"
"1376","HEK cells"
"1377","HEK cells"
"1378","B cells"
"1379","CD8 T cells"
"1380","CD8 T cells"
"1381","NK cells"
"1382","CD14+ Monocytes"
"1383","HEK cells"
"1384","HEK cells"
"1385","FCGR3A+ Monocytes"
"1386","NK cells"
"1387","NK cells"
"1388","B cells"
"1389","NK cells"
"1390","FCGR3A+ Monocytes"
"1391","CD8 T cells"
"1392","CD4 T cells"
"1393","HEK cells"
"1394","CD4 T cells"
"1395","HEK cells"
"1396","CD8 T cells"
"1397","NK cells"
"1398","CD8 T cells"
"1399","CD4 T cells"
"1400","HEK cells"
"1401","HEK cells"
"1402","HEK cells"
"1403","CD4 T cells"
"1404","B cells"
"1405","HEK cells"
"1406","CD4 T cells"
"1407","NK cells"
"1408","CD4 T cells"
"1409","CD4 T cells"
"1410","HEK cells"
"1411","CD8 T cells"
"1412","HEK cells"
"1413","CD14+ Monocytes"
"1414","CD8 T cells"
"1415","HEK cells"
"1416","CD8 T cells"
"1417","HEK cells"
"1418","HEK cells"
"1419","CD4 T cells"
"1420","CD8 T cells"
"1421","CD4 T cells"
"1422","CD8 T cells"
"1423","CD8 T cells"
"1424","HEK cells"
"1425","CD4 T cells"
"1426","HEK cells"
"1427","CD8 T cells"
"1428","CD8 T cells"
"1429","HEK cells"
"1430","HEK cells"
"1431","NK cells"
"1432","CD8 T cells"
"1433","CD8 T cells"
"1434","CD8 T cells"
"1435","CD14+ Monocytes"
"1436","NK cells"
"1437","HEK cells"
"1438","HEK cells"
"1439","HEK cells"
"1440","CD14+ Monocytes"
"1441","CD4 T cells"
"1442","HEK cells"
"1443","CD4 T cells"
"1444","HEK cells"
"1445","CD4 T cells"
"1446","HEK cells"
"1447","B cells"
"1448","HEK cells"
"1449","HEK cells"
"1450","CD8 T cells"
"1451","CD8 T cells"
"1452","HEK cells"
"1453","CD4 T cells"
"1454","HEK cells"
"1455","B cells"
"1456","NK cells"
"1457","CD4 T cells"
"1458","HEK cells"
"1459","CD4 T cells"
"1460","CD8 T cells"
"1461","CD8 T cells"
"1462","B cells"
"1463","CD14+ Monocytes"
"1464","HEK cells"
"1465","HEK cells"
"1466","CD14+ Monocytes"
"1467","CD4 T cells"
"1468","HEK cells"
"1469","CD4 T cells"
"1470","NK cells"
"1471","CD4 T cells"
"1472","HEK cells"
"1473","HEK cells"
"1474","NK cells"
"1475","NK cells"
"1476","CD4 T cells"
"1477","HEK cells"
"1478","NK cells"
"1479","HEK cells"
"1480","HEK cells"
"1481","HEK cells"
"1482","CD14+ Monocytes"
"1483","CD8 T cells"
"1484","CD14+ Monocytes"
"1485","HEK cells"
"1486","CD8 T cells"
"1487","CD8 T cells"
"1488","HEK cells"
"1489","Dendritic cells"
"1490","HEK cells"
"1491","HEK cells"
"1492","CD8 T cells"
"1493","HEK cells"
"1494","HEK cells"
"1495","CD4 T cells"
"1496","HEK cells"
"1497","HEK cells"
"1498","HEK cells"
"1499","HEK cells"
"1500","CD4 T cells"
"1501","HEK cells"
"1502","HEK cells"
"1503","B cells"
"1504","HEK cells"
"1505","CD8 T cells"
"1506","HEK cells"
"1507","B cells"
"1508","CD4 T cells"
"1509","HEK cells"
"1510","CD8 T cells"
"1511","HEK cells"
"1512","B cells"
"1513","CD8 T cells"
"1514","Dendritic cells"
"1515","HEK cells"
"1516","B cells"
"1517","CD8 T cells"
"1518","NK cells"
"1519","HEK cells"
"1520","NK cells"
"1521","CD8 T cells"
"1522","CD4 T cells"
"1523","CD8 T cells"
"1524","CD8 T cells"
"1525","HEK cells"
"1526","CD8 T cells"
"1527","CD14+ Monocytes"
"1528","HEK cells"
"1529","Dendritic cells"
"1530","CD8 T cells"
"1531","HEK cells"
"1532","HEK cells"
"1533","B cells"
"1534","NK cells"
"1535","HEK cells"
"1536","CD4 T cells"
"1537","HEK cells"
"1538","HEK cells"
"1539","HEK cells"
"1540","HEK cells"
"1541","CD8 T cells"
"1542","HEK cells"
"1543","CD8 T cells"
"1544","CD4 T cells"
"1545","NK cells"
"1546","CD8 T cells"
"1547","NK cells"
"1548","FCGR3A+ Monocytes"
"1549","CD4 T cells"
"1550","NK cells"
"1551","CD8 T cells"
"1552","HEK cells"
"1553","CD4 T cells"
"1554","CD8 T cells"
"1555","CD4 T cells"
"1556","CD8 T cells"
"1557","HEK cells"
"1558","CD8 T cells"
"1559","B cells"
"1560","Dendritic cells"
"1561","CD8 T cells"
"1562","CD8 T cells"
"1563","CD8 T cells"
"1564","B cells"
"1565","CD4 T cells"
"1566","NK cells"
"1567","CD4 T cells"
"1568","NK cells"
"1569","CD4 T cells"
"1570","CD4 T cells"
"1571","CD4 T cells"
"1572","B cells"
"1573","HEK cells"
"1574","CD8 T cells"
"1575","CD8 T cells"
"1576","CD4 T cells"
"1577","CD4 T cells"
"1578","CD8 T cells"
"1579","B cells"
"1580","CD4 T cells"
"1581","CD4 T cells"
"1582","CD14+ Monocytes"
"1583","NK cells"
"1584","B cells"
"1585","CD8 T cells"
"1586","CD14+ Monocytes"
"1587","CD8 T cells"
"1588","CD8 T cells"
"1589","HEK cells"
"1590","NK cells"
"1591","NK cells"
"1592","HEK cells"
"1593","HEK cells"
"1594","CD8 T cells"
"1595","CD8 T cells"
"1596","CD8 T cells"
"1597","CD8 T cells"
"1598","CD4 T cells"
"1599","CD4 T cells"
"1600","CD14+ Monocytes"
"1601","CD4 T cells"
"1602","HEK cells"
"1603","NK cells"
"1604","HEK cells"
"1605","CD8 T cells"
"1606","CD4 T cells"
