"","x"
"1","FCGR3A+ Monocytes"
"2","HEK cells"
"3","CD4 T cells"
"4","HEK cells"
"5","HEK cells"
"6","CD14+ Monocytes"
"7","CD4 T cells"
"8","HEK cells"
"9","NK cells"
"10","CD8 T cells"
"11","CD14+ Monocytes"
"12","HEK cells"
"13","Dendritic cells"
"14","HEK cells"
"15","HEK cells"
"16","HEK cells"
"17","HEK cells"
"18","CD8 T cells"
"19","CD4 T cells"
"20","NK cells"
"21","CD4 T cells"
"22","CD4 T cells"
"23","HEK cells"
"24","NK cells"
"25","CD4 T cells"
"26","CD4 T cells"
"27","HEK cells"
"28","HEK cells"
"29","HEK cells"
"30","HEK cells"
"31","HEK cells"
"32","HEK cells"
"33","CD4 T cells"
"34","HEK cells"
"35","CD4 T cells"
"36","CD14+ Monocytes"
"37","HEK cells"
"38","HEK cells"
"39","CD4 T cells"
"40","CD4 T cells"
"41","HEK cells"
"42","NK cells"
"43","CD14+ Monocytes"
"44","HEK cells"
"45","CD4 T cells"
"46","HEK cells"
"47","CD4 T cells"
"48","FCGR3A+ Monocytes"
"49","HEK cells"
"50","CD14+ Monocytes"
"51","B cells"
"52","CD4 T cells"
"53","HEK cells"
"54","HEK cells"
"55","CD4 T cells"
"56","HEK cells"
"57","CD4 T cells"
"58","CD14+ Monocytes"
"59","HEK cells"
"60","FCGR3A+ Monocytes"
"61","HEK cells"
"62","CD4 T cells"
"63","HEK cells"
"64","HEK cells"
"65","B cells"
"66","CD14+ Monocytes"
"67","B cells"
"68","CD8 T cells"
"69","NK cells"
"70","HEK cells"
"71","CD8 T cells"
"72","HEK cells"
"73","CD8 T cells"
"74","CD14+ Monocytes"
"75","B cells"
"76","HEK cells"
"77","CD8 T cells"
"78","NK cells"
"79","HEK cells"
"80","CD14+ Monocytes"
"81","CD4 T cells"
"82","CD4 T cells"
"83","HEK cells"
"84","NK cells"
"85","CD4 T cells"
"86","NK cells"
"87","B cells"
"88","CD4 T cells"
"89","CD14+ Monocytes"
"90","CD14+ Monocytes"
"91","B cells"
"92","CD4 T cells"
"93","CD4 T cells"
"94","HEK cells"
"95","CD4 T cells"
"96","B cells"
"97","CD4 T cells"
"98","CD4 T cells"
"99","CD8 T cells"
"100","CD4 T cells"
"101","NK cells"
"102","CD14+ Monocytes"
"103","HEK cells"
"104","CD14+ Monocytes"
"105","CD4 T cells"
"106","CD8 T cells"
"107","HEK cells"
"108","HEK cells"
"109","CD14+ Monocytes"
"110","HEK cells"
"111","CD14+ Monocytes"
"112","NK cells"
"113","CD4 T cells"
"114","NK cells"
"115","HEK cells"
"116","HEK cells"
"117","HEK cells"
"118","CD14+ Monocytes"
"119","CD4 T cells"
"120","FCGR3A+ Monocytes"
"121","CD4 T cells"
"122","CD14+ Monocytes"
"123","B cells"
"124","NK cells"
"125","CD14+ Monocytes"
"126","B cells"
"127","CD14+ Monocytes"
"128","B cells"
"129","HEK cells"
"130","CD14+ Monocytes"
"131","HEK cells"
"132","B cells"
"133","CD14+ Monocytes"
"134","CD4 T cells"
"135","HEK cells"
"136","NK cells"
"137","CD4 T cells"
"138","B cells"
"139","CD4 T cells"
"140","CD8 T cells"
"141","B cells"
"142","HEK cells"
"143","CD8 T cells"
"144","NK cells"
"145","NK cells"
"146","NK cells"
"147","CD8 T cells"
"148","CD8 T cells"
"149","CD4 T cells"
"150","CD4 T cells"
"151","CD14+ Monocytes"
"152","CD4 T cells"
"153","CD4 T cells"
"154","CD8 T cells"
"155","CD4 T cells"
"156","NK cells"
"157","HEK cells"
"158","CD4 T cells"
"159","CD8 T cells"
"160","B cells"
"161","HEK cells"
"162","CD4 T cells"
"163","NK cells"
"164","CD4 T cells"
"165","CD4 T cells"
"166","HEK cells"
"167","CD4 T cells"
"168","CD14+ Monocytes"
"169","CD4 T cells"
"170","HEK cells"
"171","CD4 T cells"
"172","NK cells"
"173","HEK cells"
"174","CD4 T cells"
"175","CD4 T cells"
"176","NK cells"
"177","CD8 T cells"
"178","NK cells"
"179","CD14+ Monocytes"
"180","CD4 T cells"
"181","CD4 T cells"
"182","CD8 T cells"
"183","B cells"
"184","CD4 T cells"
"185","HEK cells"
"186","FCGR3A+ Monocytes"
"187","HEK cells"
"188","CD4 T cells"
"189","CD4 T cells"
"190","NK cells"
"191","CD4 T cells"
"192","CD8 T cells"
"193","FCGR3A+ Monocytes"
"194","HEK cells"
"195","CD14+ Monocytes"
"196","CD4 T cells"
"197","NK cells"
"198","HEK cells"
"199","CD8 T cells"
"200","CD14+ Monocytes"
"201","CD14+ Monocytes"
"202","CD4 T cells"
"203","CD14+ Monocytes"
"204","CD8 T cells"
"205","B cells"
"206","HEK cells"
"207","CD4 T cells"
"208","CD8 T cells"
"209","CD4 T cells"
"210","CD4 T cells"
"211","CD8 T cells"
"212","B cells"
"213","CD4 T cells"
"214","CD8 T cells"
"215","CD14+ Monocytes"
"216","CD8 T cells"
"217","CD8 T cells"
"218","CD4 T cells"
"219","HEK cells"
"220","NK cells"
"221","CD14+ Monocytes"
"222","CD8 T cells"
"223","CD4 T cells"
"224","NK cells"
"225","CD4 T cells"
"226","CD4 T cells"
"227","CD4 T cells"
"228","CD8 T cells"
"229","CD4 T cells"
"230","CD4 T cells"
"231","CD4 T cells"
"232","HEK cells"
"233","CD4 T cells"
"234","CD8 T cells"
"235","CD8 T cells"
"236","CD8 T cells"
"237","CD4 T cells"
"238","CD4 T cells"
"239","CD4 T cells"
"240","CD4 T cells"
"241","CD14+ Monocytes"
"242","HEK cells"
"243","NK cells"
"244","CD4 T cells"
"245","HEK cells"
"246","HEK cells"
"247","CD14+ Monocytes"
"248","HEK cells"
"249","CD8 T cells"
"250","NK cells"
"251","CD4 T cells"
"252","CD4 T cells"
"253","B cells"
"254","CD14+ Monocytes"
"255","CD14+ Monocytes"
"256","CD4 T cells"
"257","NK cells"
"258","CD8 T cells"
"259","CD4 T cells"
"260","CD4 T cells"
"261","B cells"
"262","CD14+ Monocytes"
"263","CD4 T cells"
"264","CD8 T cells"
"265","CD14+ Monocytes"
"266","CD8 T cells"
"267","CD4 T cells"
"268","CD4 T cells"
"269","B cells"
"270","CD4 T cells"
"271","CD4 T cells"
"272","CD4 T cells"
"273","CD4 T cells"
"274","CD14+ Monocytes"
"275","B cells"
"276","CD8 T cells"
"277","B cells"
"278","CD4 T cells"
"279","HEK cells"
"280","NK cells"
"281","CD14+ Monocytes"
"282","CD4 T cells"
"283","CD8 T cells"
"284","NK cells"
"285","CD4 T cells"
"286","CD4 T cells"
"287","NK cells"
"288","HEK cells"
"289","CD4 T cells"
"290","CD14+ Monocytes"
"291","HEK cells"
"292","CD14+ Monocytes"
"293","NK cells"
"294","CD4 T cells"
"295","CD8 T cells"
"296","CD14+ Monocytes"
"297","CD14+ Monocytes"
"298","NK cells"
"299","NK cells"
"300","CD8 T cells"
"301","CD14+ Monocytes"
"302","CD4 T cells"
"303","CD4 T cells"
"304","CD4 T cells"
"305","CD14+ Monocytes"
"306","B cells"
"307","B cells"
"308","CD4 T cells"
"309","B cells"
"310","CD14+ Monocytes"
"311","CD4 T cells"
"312","CD14+ Monocytes"
"313","CD4 T cells"
"314","CD14+ Monocytes"
"315","CD4 T cells"
"316","CD8 T cells"
"317","B cells"
"318","HEK cells"
"319","CD14+ Monocytes"
"320","CD8 T cells"
"321","CD14+ Monocytes"
"322","CD14+ Monocytes"
"323","CD4 T cells"
"324","CD4 T cells"
"325","CD4 T cells"
"326","CD8 T cells"
"327","CD4 T cells"
"328","NK cells"
"329","B cells"
"330","CD14+ Monocytes"
"331","B cells"
"332","NK cells"
"333","FCGR3A+ Monocytes"
"334","CD4 T cells"
"335","CD4 T cells"
"336","CD14+ Monocytes"
"337","CD8 T cells"
"338","CD4 T cells"
"339","NK cells"
"340","HEK cells"
"341","NK cells"
"342","FCGR3A+ Monocytes"
"343","FCGR3A+ Monocytes"
"344","CD4 T cells"
"345","HEK cells"
"346","HEK cells"
"347","CD4 T cells"
"348","NK cells"
"349","HEK cells"
"350","CD4 T cells"
"351","CD14+ Monocytes"
"352","HEK cells"
"353","CD4 T cells"
"354","CD4 T cells"
"355","CD4 T cells"
"356","FCGR3A+ Monocytes"
"357","B cells"
"358","HEK cells"
"359","CD14+ Monocytes"
"360","CD4 T cells"
"361","HEK cells"
"362","CD4 T cells"
"363","CD8 T cells"
"364","CD8 T cells"
"365","CD8 T cells"
"366","CD4 T cells"
"367","CD4 T cells"
"368","CD4 T cells"
"369","CD8 T cells"
"370","CD4 T cells"
"371","CD8 T cells"
"372","CD8 T cells"
"373","HEK cells"
"374","CD8 T cells"
"375","CD14+ Monocytes"
"376","CD4 T cells"
"377","CD4 T cells"
"378","HEK cells"
"379","CD14+ Monocytes"
"380","CD4 T cells"
"381","B cells"
"382","HEK cells"
"383","CD4 T cells"
"384","CD8 T cells"
"385","CD4 T cells"
"386","CD4 T cells"
"387","HEK cells"
"388","HEK cells"
"389","NK cells"
"390","CD4 T cells"
"391","CD8 T cells"
"392","B cells"
"393","B cells"
"394","HEK cells"
"395","CD4 T cells"
"396","CD4 T cells"
"397","CD8 T cells"
"398","NK cells"
"399","CD8 T cells"
"400","NK cells"
"401","NK cells"
"402","HEK cells"
"403","CD4 T cells"
"404","CD4 T cells"
"405","FCGR3A+ Monocytes"
"406","CD4 T cells"
"407","B cells"
"408","HEK cells"
"409","HEK cells"
"410","CD4 T cells"
"411","HEK cells"
"412","HEK cells"
"413","CD14+ Monocytes"
"414","CD8 T cells"
"415","CD4 T cells"
"416","CD8 T cells"
"417","HEK cells"
"418","CD8 T cells"
"419","CD4 T cells"
"420","CD8 T cells"
"421","B cells"
"422","HEK cells"
"423","CD4 T cells"
"424","CD8 T cells"
"425","CD4 T cells"
"426","CD4 T cells"
"427","CD4 T cells"
"428","CD14+ Monocytes"
"429","HEK cells"
"430","HEK cells"
"431","CD4 T cells"
"432","CD4 T cells"
"433","HEK cells"
"434","CD8 T cells"
"435","CD4 T cells"
"436","CD4 T cells"
"437","CD4 T cells"
"438","NK cells"
"439","CD14+ Monocytes"
"440","CD8 T cells"
"441","Dendritic cells"
"442","FCGR3A+ Monocytes"
"443","CD4 T cells"
"444","CD8 T cells"
"445","B cells"
"446","CD4 T cells"
"447","HEK cells"
"448","CD14+ Monocytes"
"449","CD4 T cells"
"450","CD4 T cells"
"451","CD4 T cells"
"452","B cells"
"453","CD8 T cells"
"454","CD4 T cells"
"455","CD4 T cells"
"456","CD4 T cells"
"457","Dendritic cells"
"458","CD14+ Monocytes"
"459","CD4 T cells"
"460","CD4 T cells"
"461","CD8 T cells"
"462","HEK cells"
"463","B cells"
"464","HEK cells"
"465","CD8 T cells"
"466","NK cells"
"467","CD4 T cells"
"468","NK cells"
"469","HEK cells"
"470","CD4 T cells"
"471","NK cells"
"472","HEK cells"
"473","CD4 T cells"
"474","CD4 T cells"
"475","B cells"
"476","CD14+ Monocytes"
"477","CD4 T cells"
"478","HEK cells"
"479","HEK cells"
"480","CD4 T cells"
"481","HEK cells"
"482","HEK cells"
"483","CD4 T cells"
"484","FCGR3A+ Monocytes"
"485","CD4 T cells"
"486","CD4 T cells"
"487","CD4 T cells"
"488","CD8 T cells"
"489","CD4 T cells"
"490","CD4 T cells"
"491","NK cells"
"492","FCGR3A+ Monocytes"
"493","CD4 T cells"
"494","CD8 T cells"
"495","CD4 T cells"
"496","FCGR3A+ Monocytes"
"497","CD8 T cells"
"498","B cells"
"499","NK cells"
"500","HEK cells"
"501","CD8 T cells"
"502","CD4 T cells"
"503","CD8 T cells"
"504","CD4 T cells"
"505","CD4 T cells"
"506","HEK cells"
"507","HEK cells"
"508","FCGR3A+ Monocytes"
"509","CD14+ Monocytes"
"510","B cells"
"511","CD4 T cells"
"512","CD8 T cells"
"513","B cells"
"514","CD8 T cells"
"515","CD4 T cells"
"516","CD8 T cells"
"517","HEK cells"
"518","CD14+ Monocytes"
"519","HEK cells"
"520","CD14+ Monocytes"
"521","CD8 T cells"
"522","CD4 T cells"
"523","HEK cells"
"524","CD8 T cells"
"525","CD14+ Monocytes"
"526","CD4 T cells"
"527","HEK cells"
"528","CD8 T cells"
"529","CD14+ Monocytes"
"530","FCGR3A+ Monocytes"
"531","NK cells"
"532","CD14+ Monocytes"
"533","CD4 T cells"
"534","CD4 T cells"
"535","HEK cells"
"536","CD4 T cells"
"537","CD4 T cells"
"538","HEK cells"
"539","B cells"
"540","B cells"
"541","CD4 T cells"
"542","CD4 T cells"
"543","HEK cells"
"544","CD8 T cells"
"545","CD4 T cells"
"546","CD4 T cells"
"547","CD8 T cells"
"548","HEK cells"
"549","HEK cells"
"550","HEK cells"
"551","HEK cells"
"552","HEK cells"
"553","CD8 T cells"
"554","CD4 T cells"
"555","HEK cells"
"556","CD4 T cells"
"557","HEK cells"
"558","HEK cells"
"559","CD4 T cells"
"560","CD8 T cells"
"561","CD4 T cells"
"562","CD14+ Monocytes"
"563","CD4 T cells"
"564","CD8 T cells"
"565","CD14+ Monocytes"
"566","CD14+ Monocytes"
"567","CD8 T cells"
"568","FCGR3A+ Monocytes"
"569","NK cells"
"570","CD4 T cells"
"571","CD4 T cells"
"572","B cells"
"573","Megakaryocytes"
"574","CD4 T cells"
"575","CD14+ Monocytes"
"576","CD14+ Monocytes"
"577","CD8 T cells"
"578","CD4 T cells"
"579","HEK cells"
"580","HEK cells"
"581","CD4 T cells"
"582","CD14+ Monocytes"
"583","CD4 T cells"
"584","B cells"
"585","NK cells"
"586","HEK cells"
"587","CD4 T cells"
"588","HEK cells"
"589","HEK cells"
"590","CD4 T cells"
"591","CD4 T cells"
"592","NK cells"
"593","CD4 T cells"
"594","CD4 T cells"
"595","CD8 T cells"
"596","CD4 T cells"
"597","CD14+ Monocytes"
"598","HEK cells"
"599","HEK cells"
"600","CD14+ Monocytes"
"601","CD14+ Monocytes"
"602","CD14+ Monocytes"
"603","HEK cells"
"604","HEK cells"
"605","B cells"
"606","CD14+ Monocytes"
"607","CD4 T cells"
"608","HEK cells"
"609","CD4 T cells"
"610","HEK cells"
"611","CD14+ Monocytes"
"612","NK cells"
"613","HEK cells"
"614","CD4 T cells"
"615","CD4 T cells"
"616","CD14+ Monocytes"
"617","CD4 T cells"
"618","B cells"
"619","B cells"
"620","CD4 T cells"
"621","HEK cells"
"622","CD8 T cells"
"623","HEK cells"
"624","CD14+ Monocytes"
"625","HEK cells"
"626","Dendritic cells"
"627","CD4 T cells"
"628","CD4 T cells"
"629","CD14+ Monocytes"
"630","HEK cells"
"631","CD8 T cells"
"632","CD14+ Monocytes"
"633","CD4 T cells"
"634","CD14+ Monocytes"
"635","CD4 T cells"
"636","CD14+ Monocytes"
"637","HEK cells"
"638","HEK cells"
"639","CD4 T cells"
"640","FCGR3A+ Monocytes"
"641","CD4 T cells"
"642","CD4 T cells"
"643","CD4 T cells"
"644","CD4 T cells"
"645","CD14+ Monocytes"
"646","HEK cells"
"647","FCGR3A+ Monocytes"
"648","CD4 T cells"
"649","CD14+ Monocytes"
"650","B cells"
"651","HEK cells"
"652","CD4 T cells"
"653","HEK cells"
"654","HEK cells"
"655","CD4 T cells"
"656","CD4 T cells"
"657","HEK cells"
"658","FCGR3A+ Monocytes"
"659","HEK cells"
"660","CD4 T cells"
"661","FCGR3A+ Monocytes"
"662","CD8 T cells"
"663","FCGR3A+ Monocytes"
"664","CD4 T cells"
"665","NK cells"
"666","CD4 T cells"
"667","HEK cells"
"668","CD14+ Monocytes"
"669","CD4 T cells"
"670","HEK cells"
"671","HEK cells"
"672","CD4 T cells"
"673","CD4 T cells"
"674","NK cells"
"675","HEK cells"
"676","CD4 T cells"
"677","CD4 T cells"
"678","CD4 T cells"
"679","CD8 T cells"
"680","B cells"
"681","B cells"
"682","CD4 T cells"
"683","CD14+ Monocytes"
"684","CD4 T cells"
"685","B cells"
"686","CD4 T cells"
"687","NK cells"
"688","B cells"
"689","NK cells"
"690","CD4 T cells"
"691","CD14+ Monocytes"
"692","CD4 T cells"
"693","HEK cells"
"694","CD8 T cells"
"695","HEK cells"
"696","CD4 T cells"
"697","B cells"
"698","FCGR3A+ Monocytes"
"699","CD4 T cells"
"700","HEK cells"
"701","CD8 T cells"
"702","CD4 T cells"
"703","CD8 T cells"
"704","B cells"
"705","HEK cells"
"706","HEK cells"
"707","CD4 T cells"
"708","CD4 T cells"
"709","CD8 T cells"
"710","HEK cells"
"711","CD4 T cells"
"712","HEK cells"
"713","B cells"
"714","CD4 T cells"
"715","NK cells"
"716","CD4 T cells"
"717","CD4 T cells"
"718","HEK cells"
"719","CD4 T cells"
"720","CD4 T cells"
"721","CD4 T cells"
"722","HEK cells"
"723","CD4 T cells"
"724","HEK cells"
"725","HEK cells"
"726","CD4 T cells"
"727","CD4 T cells"
"728","B cells"
"729","CD4 T cells"
"730","FCGR3A+ Monocytes"
"731","NK cells"
"732","FCGR3A+ Monocytes"
"733","CD4 T cells"
"734","CD4 T cells"
"735","CD4 T cells"
"736","CD14+ Monocytes"
"737","NK cells"
"738","CD4 T cells"
"739","CD4 T cells"
"740","HEK cells"
"741","FCGR3A+ Monocytes"
"742","HEK cells"
"743","CD4 T cells"
"744","CD4 T cells"
"745","CD4 T cells"
"746","CD14+ Monocytes"
"747","CD14+ Monocytes"
"748","CD14+ Monocytes"
"749","CD4 T cells"
"750","CD8 T cells"
"751","HEK cells"
"752","HEK cells"
"753","CD14+ Monocytes"
"754","HEK cells"
"755","CD14+ Monocytes"
"756","CD4 T cells"
"757","CD4 T cells"
"758","CD4 T cells"
"759","CD4 T cells"
"760","CD8 T cells"
"761","HEK cells"
"762","CD4 T cells"
"763","HEK cells"
"764","CD4 T cells"
"765","CD4 T cells"
"766","CD4 T cells"
"767","HEK cells"
"768","CD4 T cells"
"769","HEK cells"
"770","HEK cells"
"771","CD8 T cells"
"772","B cells"
"773","CD14+ Monocytes"
"774","CD14+ Monocytes"
"775","CD4 T cells"
"776","CD4 T cells"
"777","CD4 T cells"
"778","CD4 T cells"
"779","CD4 T cells"
"780","CD8 T cells"
"781","FCGR3A+ Monocytes"
"782","CD14+ Monocytes"
"783","NK cells"
"784","NK cells"
"785","CD4 T cells"
"786","NK cells"
"787","B cells"
"788","HEK cells"
"789","HEK cells"
"790","CD8 T cells"
"791","HEK cells"
"792","HEK cells"
"793","CD4 T cells"
"794","CD4 T cells"
"795","HEK cells"
"796","B cells"
"797","NK cells"
"798","CD14+ Monocytes"
"799","HEK cells"
"800","CD4 T cells"
"801","HEK cells"
"802","CD4 T cells"
"803","CD4 T cells"
"804","Dendritic cells"
"805","CD4 T cells"
"806","HEK cells"
"807","HEK cells"
"808","CD8 T cells"
"809","NK cells"
"810","CD4 T cells"
"811","CD4 T cells"
"812","CD4 T cells"
"813","CD14+ Monocytes"
"814","CD14+ Monocytes"
"815","FCGR3A+ Monocytes"
"816","CD4 T cells"
"817","CD4 T cells"
"818","CD14+ Monocytes"
"819","CD4 T cells"
"820","NK cells"
"821","CD4 T cells"
"822","HEK cells"
"823","CD4 T cells"
"824","NK cells"
"825","HEK cells"
"826","CD14+ Monocytes"
"827","FCGR3A+ Monocytes"
"828","CD14+ Monocytes"
"829","B cells"
"830","CD4 T cells"
"831","NK cells"
"832","CD14+ Monocytes"
"833","NK cells"
"834","NK cells"
"835","HEK cells"
"836","CD4 T cells"
"837","NK cells"
"838","NK cells"
"839","CD4 T cells"
"840","HEK cells"
"841","NK cells"
"842","FCGR3A+ Monocytes"
"843","B cells"
"844","CD8 T cells"
"845","CD14+ Monocytes"
"846","CD4 T cells"
"847","NK cells"
"848","CD14+ Monocytes"
"849","CD4 T cells"
"850","CD8 T cells"
"851","CD4 T cells"
"852","CD14+ Monocytes"
"853","CD14+ Monocytes"
"854","CD4 T cells"
"855","CD8 T cells"
"856","CD4 T cells"
"857","HEK cells"
"858","HEK cells"
"859","CD4 T cells"
"860","CD4 T cells"
"861","NK cells"
"862","HEK cells"
"863","CD14+ Monocytes"
"864","CD4 T cells"
"865","CD14+ Monocytes"
"866","HEK cells"
"867","B cells"
"868","CD4 T cells"
"869","CD4 T cells"
"870","HEK cells"
"871","CD8 T cells"
"872","CD4 T cells"
"873","NK cells"
"874","CD4 T cells"
"875","HEK cells"
"876","CD14+ Monocytes"
"877","HEK cells"
"878","CD14+ Monocytes"
"879","HEK cells"
"880","CD4 T cells"
"881","CD4 T cells"
"882","CD14+ Monocytes"
"883","CD4 T cells"
"884","B cells"
"885","CD4 T cells"
"886","CD4 T cells"
"887","HEK cells"
"888","CD14+ Monocytes"
"889","NK cells"
"890","CD8 T cells"
"891","CD4 T cells"
"892","CD14+ Monocytes"
"893","CD8 T cells"
"894","CD4 T cells"
"895","CD4 T cells"
"896","FCGR3A+ Monocytes"
"897","HEK cells"
"898","FCGR3A+ Monocytes"
"899","B cells"
"900","B cells"
"901","CD4 T cells"
"902","B cells"
"903","CD4 T cells"
"904","CD4 T cells"
"905","CD8 T cells"
"906","CD4 T cells"
"907","CD14+ Monocytes"
"908","CD14+ Monocytes"
"909","CD4 T cells"
"910","CD8 T cells"
"911","CD14+ Monocytes"
"912","CD4 T cells"
"913","FCGR3A+ Monocytes"
"914","HEK cells"
"915","CD4 T cells"
"916","CD8 T cells"
"917","HEK cells"
"918","CD4 T cells"
"919","CD4 T cells"
"920","HEK cells"
"921","B cells"
"922","CD4 T cells"
"923","HEK cells"
"924","CD4 T cells"
"925","CD4 T cells"
"926","CD4 T cells"
"927","CD14+ Monocytes"
"928","CD8 T cells"
"929","CD14+ Monocytes"
"930","CD8 T cells"
"931","CD4 T cells"
"932","CD4 T cells"
"933","B cells"
"934","B cells"
"935","CD4 T cells"
"936","CD8 T cells"
"937","CD4 T cells"
"938","HEK cells"
"939","NK cells"
"940","CD4 T cells"
"941","B cells"
"942","NK cells"
"943","HEK cells"
"944","CD8 T cells"
"945","CD8 T cells"
"946","HEK cells"
"947","NK cells"
"948","CD4 T cells"
"949","NK cells"
"950","B cells"
"951","CD14+ Monocytes"
"952","CD4 T cells"
"953","CD8 T cells"
"954","CD4 T cells"
"955","HEK cells"
"956","B cells"
"957","CD4 T cells"
"958","B cells"
"959","HEK cells"
"960","CD4 T cells"
"961","CD14+ Monocytes"
"962","NK cells"
"963","CD4 T cells"
"964","FCGR3A+ Monocytes"
"965","CD8 T cells"
"966","HEK cells"
"967","CD4 T cells"
"968","CD8 T cells"
"969","Dendritic cells"
"970","B cells"
"971","NK cells"
"972","NK cells"
"973","CD4 T cells"
"974","B cells"
"975","CD14+ Monocytes"
"976","FCGR3A+ Monocytes"
"977","CD14+ Monocytes"
"978","HEK cells"
"979","CD14+ Monocytes"
"980","CD4 T cells"
"981","CD14+ Monocytes"
"982","B cells"
"983","HEK cells"
"984","FCGR3A+ Monocytes"
"985","CD4 T cells"
"986","CD4 T cells"
"987","CD4 T cells"
"988","CD14+ Monocytes"
"989","NK cells"
"990","CD14+ Monocytes"
"991","NK cells"
"992","B cells"
"993","CD14+ Monocytes"
"994","HEK cells"
"995","CD4 T cells"
"996","CD4 T cells"
"997","CD4 T cells"
"998","CD14+ Monocytes"
"999","CD4 T cells"
"1000","B cells"
"1001","FCGR3A+ Monocytes"
"1002","CD14+ Monocytes"
"1003","CD14+ Monocytes"
"1004","CD4 T cells"
"1005","NK cells"
"1006","CD4 T cells"
"1007","CD4 T cells"
"1008","HEK cells"
"1009","CD14+ Monocytes"
"1010","CD14+ Monocytes"
"1011","NK cells"
"1012","NK cells"
"1013","CD14+ Monocytes"
"1014","CD4 T cells"
"1015","CD4 T cells"
"1016","CD8 T cells"
"1017","CD8 T cells"
"1018","CD14+ Monocytes"
"1019","CD4 T cells"
"1020","CD4 T cells"
"1021","CD14+ Monocytes"
"1022","CD14+ Monocytes"
"1023","CD4 T cells"
"1024","CD14+ Monocytes"
"1025","CD4 T cells"
"1026","CD8 T cells"
"1027","CD8 T cells"
"1028","NK cells"
"1029","CD4 T cells"
"1030","CD14+ Monocytes"
"1031","FCGR3A+ Monocytes"
"1032","CD4 T cells"
"1033","CD4 T cells"
"1034","CD8 T cells"
"1035","HEK cells"
"1036","CD14+ Monocytes"
"1037","CD4 T cells"
"1038","NK cells"
"1039","CD14+ Monocytes"
"1040","CD4 T cells"
"1041","HEK cells"
"1042","HEK cells"
"1043","NK cells"
"1044","CD4 T cells"
"1045","HEK cells"
"1046","NK cells"
"1047","CD8 T cells"
"1048","CD4 T cells"
"1049","CD14+ Monocytes"
"1050","CD8 T cells"
"1051","B cells"
"1052","CD4 T cells"
"1053","CD14+ Monocytes"
"1054","CD8 T cells"
"1055","CD8 T cells"
"1056","FCGR3A+ Monocytes"
"1057","CD14+ Monocytes"
"1058","CD4 T cells"
"1059","HEK cells"
"1060","B cells"
"1061","CD8 T cells"
"1062","B cells"
"1063","CD4 T cells"
"1064","NK cells"
"1065","CD4 T cells"
"1066","CD4 T cells"
"1067","HEK cells"
"1068","CD8 T cells"
"1069","CD4 T cells"
"1070","CD4 T cells"
"1071","CD4 T cells"
"1072","CD8 T cells"
"1073","CD4 T cells"
"1074","HEK cells"
"1075","CD4 T cells"
"1076","HEK cells"
"1077","NK cells"
"1078","CD14+ Monocytes"
"1079","FCGR3A+ Monocytes"
"1080","B cells"
"1081","CD14+ Monocytes"
"1082","CD4 T cells"
"1083","CD4 T cells"
