"","x"
"1","B cells"
"2","CD4 T cells"
"3","CD4 T cells"
"4","HEK cells"
"5","HEK cells"
"6","CD4 T cells"
"7","CD4 T cells"
"8","CD4 T cells"
"9","HEK cells"
"10","CD14+ Monocytes"
"11","HEK cells"
"12","NK cells"
"13","CD8 T cells"
"14","CD4 T cells"
"15","HEK cells"
"16","CD14+ Monocytes"
"17","NK cells"
"18","CD8 T cells"
"19","HEK cells"
"20","HEK cells"
"21","CD8 T cells"
"22","CD4 T cells"
"23","CD8 T cells"
"24","CD14+ Monocytes"
"25","CD14+ Monocytes"
"26","CD14+ Monocytes"
"27","CD4 T cells"
"28","CD14+ Monocytes"
"29","CD4 T cells"
"30","FCGR3A+ Monocytes"
"31","CD4 T cells"
"32","HEK cells"
"33","FCGR3A+ Monocytes"
"34","CD4 T cells"
"35","CD4 T cells"
"36","CD4 T cells"
"37","B cells"
"38","HEK cells"
"39","CD8 T cells"
"40","B cells"
"41","CD4 T cells"
"42","CD4 T cells"
"43","NK cells"
"44","CD4 T cells"
"45","HEK cells"
"46","CD8 T cells"
"47","CD14+ Monocytes"
"48","CD8 T cells"
"49","CD4 T cells"
"50","CD8 T cells"
"51","CD8 T cells"
"52","CD14+ Monocytes"
"53","HEK cells"
"54","CD4 T cells"
"55","HEK cells"
"56","CD4 T cells"
"57","CD4 T cells"
"58","CD4 T cells"
"59","NK cells"
"60","B cells"
"61","CD4 T cells"
"62","CD14+ Monocytes"
"63","CD4 T cells"
"64","CD4 T cells"
"65","CD14+ Monocytes"
"66","CD8 T cells"
"67","CD8 T cells"
"68","CD4 T cells"
"69","B cells"
"70","CD4 T cells"
"71","CD4 T cells"
"72","HEK cells"
"73","CD14+ Monocytes"
"74","HEK cells"
"75","Dendritic cells"
"76","HEK cells"
"77","CD4 T cells"
"78","CD4 T cells"
"79","CD14+ Monocytes"
"80","HEK cells"
"81","CD8 T cells"
"82","CD14+ Monocytes"
"83","HEK cells"
"84","CD14+ Monocytes"
"85","B cells"
"86","CD8 T cells"
"87","HEK cells"
"88","CD14+ Monocytes"
"89","CD14+ Monocytes"
"90","CD4 T cells"
"91","CD4 T cells"
"92","CD14+ Monocytes"
"93","CD8 T cells"
"94","CD4 T cells"
"95","CD4 T cells"
"96","HEK cells"
"97","HEK cells"
"98","CD14+ Monocytes"
"99","CD8 T cells"
"100","CD14+ Monocytes"
"101","CD14+ Monocytes"
"102","B cells"
"103","CD8 T cells"
"104","CD14+ Monocytes"
"105","NK cells"
"106","CD4 T cells"
"107","CD4 T cells"
"108","HEK cells"
"109","CD4 T cells"
"110","B cells"
"111","HEK cells"
"112","CD8 T cells"
"113","CD14+ Monocytes"
"114","B cells"
"115","HEK cells"
"116","CD4 T cells"
"117","HEK cells"
"118","CD4 T cells"
"119","CD4 T cells"
"120","CD14+ Monocytes"
"121","NK cells"
"122","HEK cells"
"123","CD4 T cells"
"124","B cells"
"125","CD4 T cells"
"126","HEK cells"
"127","FCGR3A+ Monocytes"
"128","CD4 T cells"
"129","CD4 T cells"
"130","CD4 T cells"
"131","CD4 T cells"
"132","HEK cells"
"133","CD14+ Monocytes"
"134","CD4 T cells"
"135","CD14+ Monocytes"
"136","HEK cells"
"137","CD8 T cells"
"138","HEK cells"
"139","CD14+ Monocytes"
"140","NK cells"
"141","FCGR3A+ Monocytes"
"142","CD4 T cells"
"143","B cells"
"144","CD4 T cells"
"145","B cells"
"146","CD8 T cells"
"147","HEK cells"
"148","CD14+ Monocytes"
"149","HEK cells"
"150","CD4 T cells"
"151","CD14+ Monocytes"
"152","CD14+ Monocytes"
"153","HEK cells"
"154","CD8 T cells"
"155","CD14+ Monocytes"
"156","CD4 T cells"
"157","CD8 T cells"
"158","CD4 T cells"
"159","CD4 T cells"
"160","CD8 T cells"
"161","CD4 T cells"
"162","CD4 T cells"
"163","HEK cells"
"164","HEK cells"
"165","Dendritic cells"
"166","CD4 T cells"
"167","CD8 T cells"
"168","CD4 T cells"
"169","CD14+ Monocytes"
"170","CD4 T cells"
"171","CD4 T cells"
"172","NK cells"
"173","CD4 T cells"
"174","CD14+ Monocytes"
"175","NK cells"
"176","CD4 T cells"
"177","CD4 T cells"
"178","B cells"
"179","CD14+ Monocytes"
"180","CD4 T cells"
"181","HEK cells"
"182","CD14+ Monocytes"
"183","NK cells"
"184","HEK cells"
"185","CD4 T cells"
"186","NK cells"
"187","Dendritic cells"
"188","CD4 T cells"
"189","CD4 T cells"
"190","HEK cells"
"191","CD4 T cells"
"192","CD4 T cells"
"193","CD4 T cells"
"194","CD4 T cells"
"195","HEK cells"
"196","HEK cells"
"197","CD14+ Monocytes"
"198","CD4 T cells"
"199","CD14+ Monocytes"
"200","CD8 T cells"
"201","CD14+ Monocytes"
"202","CD14+ Monocytes"
"203","CD14+ Monocytes"
"204","CD14+ Monocytes"
"205","CD4 T cells"
"206","CD4 T cells"
"207","HEK cells"
"208","CD4 T cells"
"209","CD14+ Monocytes"
"210","CD4 T cells"
"211","CD8 T cells"
"212","CD4 T cells"
"213","HEK cells"
"214","HEK cells"
"215","CD4 T cells"
"216","CD4 T cells"
"217","CD4 T cells"
"218","HEK cells"
"219","HEK cells"
"220","CD8 T cells"
"221","CD8 T cells"
"222","NK cells"
"223","CD14+ Monocytes"
"224","CD14+ Monocytes"
"225","CD4 T cells"
"226","CD4 T cells"
"227","CD4 T cells"
"228","CD4 T cells"
"229","CD4 T cells"
"230","HEK cells"
"231","CD8 T cells"
"232","CD4 T cells"
"233","FCGR3A+ Monocytes"
"234","CD4 T cells"
"235","CD4 T cells"
"236","CD4 T cells"
"237","B cells"
"238","HEK cells"
"239","CD4 T cells"
"240","HEK cells"
"241","B cells"
"242","NK cells"
"243","NK cells"
"244","B cells"
"245","HEK cells"
"246","CD4 T cells"
"247","HEK cells"
"248","Dendritic cells"
"249","HEK cells"
"250","CD14+ Monocytes"
"251","CD8 T cells"
"252","CD4 T cells"
"253","CD4 T cells"
"254","NK cells"
"255","NK cells"
"256","CD8 T cells"
"257","CD4 T cells"
"258","CD4 T cells"
"259","CD4 T cells"
"260","CD4 T cells"
"261","CD4 T cells"
"262","HEK cells"
"263","B cells"
"264","CD4 T cells"
"265","CD14+ Monocytes"
"266","HEK cells"
"267","CD4 T cells"
"268","CD8 T cells"
"269","CD14+ Monocytes"
"270","CD4 T cells"
"271","HEK cells"
"272","HEK cells"
"273","CD8 T cells"
"274","HEK cells"
"275","B cells"
"276","CD8 T cells"
"277","CD14+ Monocytes"
"278","CD14+ Monocytes"
"279","CD14+ Monocytes"
"280","CD4 T cells"
"281","FCGR3A+ Monocytes"
"282","CD4 T cells"
"283","CD14+ Monocytes"
"284","CD14+ Monocytes"
"285","FCGR3A+ Monocytes"
"286","CD14+ Monocytes"
"287","HEK cells"
"288","CD8 T cells"
"289","HEK cells"
"290","CD4 T cells"
"291","CD8 T cells"
"292","CD8 T cells"
"293","HEK cells"
"294","CD4 T cells"
"295","CD14+ Monocytes"
"296","CD8 T cells"
"297","CD4 T cells"
"298","HEK cells"
"299","B cells"
"300","CD8 T cells"
"301","CD4 T cells"
"302","B cells"
"303","HEK cells"
"304","B cells"
"305","CD8 T cells"
"306","CD4 T cells"
"307","CD14+ Monocytes"
"308","HEK cells"
"309","HEK cells"
"310","CD4 T cells"
"311","CD8 T cells"
"312","NK cells"
"313","NK cells"
"314","B cells"
"315","HEK cells"
"316","FCGR3A+ Monocytes"
"317","CD14+ Monocytes"
"318","CD14+ Monocytes"
"319","NK cells"
"320","CD4 T cells"
"321","CD4 T cells"
"322","NK cells"
"323","HEK cells"
"324","CD4 T cells"
"325","CD4 T cells"
"326","NK cells"
"327","CD4 T cells"
"328","HEK cells"
"329","CD4 T cells"
"330","HEK cells"
"331","CD4 T cells"
"332","B cells"
"333","HEK cells"
"334","HEK cells"
"335","NK cells"
"336","CD14+ Monocytes"
"337","B cells"
"338","HEK cells"
"339","HEK cells"
"340","CD4 T cells"
"341","NK cells"
"342","CD14+ Monocytes"
"343","CD4 T cells"
"344","HEK cells"
"345","B cells"
"346","CD14+ Monocytes"
"347","HEK cells"
"348","HEK cells"
"349","FCGR3A+ Monocytes"
"350","CD4 T cells"
"351","NK cells"
"352","CD14+ Monocytes"
"353","HEK cells"
"354","CD4 T cells"
"355","HEK cells"
"356","CD14+ Monocytes"
"357","CD4 T cells"
"358","CD4 T cells"
"359","CD14+ Monocytes"
"360","CD4 T cells"
"361","CD4 T cells"
"362","CD4 T cells"
"363","CD8 T cells"
"364","CD14+ Monocytes"
"365","HEK cells"
"366","B cells"
"367","CD4 T cells"
"368","CD4 T cells"
"369","B cells"
"370","HEK cells"
"371","B cells"
"372","CD14+ Monocytes"
"373","CD4 T cells"
"374","CD14+ Monocytes"
"375","CD4 T cells"
"376","CD4 T cells"
"377","CD8 T cells"
"378","CD4 T cells"
"379","CD4 T cells"
"380","CD4 T cells"
"381","HEK cells"
"382","CD14+ Monocytes"
"383","CD8 T cells"
"384","HEK cells"
"385","CD4 T cells"
"386","NK cells"
"387","CD4 T cells"
"388","HEK cells"
"389","CD4 T cells"
"390","CD4 T cells"
"391","CD14+ Monocytes"
"392","CD4 T cells"
"393","CD4 T cells"
"394","CD8 T cells"
"395","HEK cells"
"396","CD4 T cells"
"397","Dendritic cells"
"398","CD4 T cells"
"399","CD4 T cells"
"400","CD14+ Monocytes"
"401","HEK cells"
"402","CD8 T cells"
"403","HEK cells"
"404","CD8 T cells"
"405","CD4 T cells"
"406","CD4 T cells"
"407","HEK cells"
"408","CD4 T cells"
"409","HEK cells"
"410","CD8 T cells"
"411","HEK cells"
"412","CD8 T cells"
"413","CD8 T cells"
"414","CD14+ Monocytes"
"415","HEK cells"
"416","HEK cells"
"417","HEK cells"
"418","HEK cells"
"419","CD4 T cells"
"420","CD4 T cells"
"421","CD4 T cells"
"422","CD14+ Monocytes"
"423","CD4 T cells"
"424","CD4 T cells"
"425","CD8 T cells"
"426","B cells"
"427","NK cells"
"428","CD4 T cells"
"429","CD8 T cells"
"430","CD14+ Monocytes"
"431","HEK cells"
"432","CD14+ Monocytes"
"433","HEK cells"
"434","CD4 T cells"
"435","CD4 T cells"
"436","HEK cells"
"437","CD4 T cells"
"438","CD14+ Monocytes"
"439","HEK cells"
"440","CD14+ Monocytes"
"441","CD4 T cells"
"442","NK cells"
"443","NK cells"
"444","CD4 T cells"
"445","CD4 T cells"
"446","NK cells"
"447","Dendritic cells"
"448","HEK cells"
"449","CD4 T cells"
"450","NK cells"
"451","CD4 T cells"
"452","CD8 T cells"
"453","CD14+ Monocytes"
"454","CD4 T cells"
"455","CD4 T cells"
"456","HEK cells"
"457","HEK cells"
"458","CD4 T cells"
"459","B cells"
"460","B cells"
"461","CD4 T cells"
"462","HEK cells"
"463","B cells"
"464","NK cells"
"465","CD4 T cells"
"466","NK cells"
"467","CD4 T cells"
"468","CD8 T cells"
"469","HEK cells"
"470","CD8 T cells"
"471","CD4 T cells"
"472","CD4 T cells"
"473","CD4 T cells"
"474","HEK cells"
"475","CD4 T cells"
"476","CD4 T cells"
"477","CD4 T cells"
"478","HEK cells"
"479","Dendritic cells"
"480","CD8 T cells"
"481","HEK cells"
"482","CD14+ Monocytes"
"483","CD14+ Monocytes"
"484","FCGR3A+ Monocytes"
"485","CD8 T cells"
"486","Dendritic cells"
"487","CD8 T cells"
"488","CD14+ Monocytes"
"489","CD4 T cells"
"490","CD4 T cells"
"491","CD4 T cells"
"492","NK cells"
"493","CD14+ Monocytes"
"494","HEK cells"
"495","CD4 T cells"
"496","CD8 T cells"
"497","HEK cells"
"498","HEK cells"
"499","CD14+ Monocytes"
"500","HEK cells"
"501","HEK cells"
"502","CD4 T cells"
"503","HEK cells"
"504","HEK cells"
"505","CD4 T cells"
"506","CD14+ Monocytes"
"507","CD14+ Monocytes"
"508","CD14+ Monocytes"
"509","HEK cells"
"510","B cells"
"511","CD8 T cells"
"512","CD4 T cells"
"513","FCGR3A+ Monocytes"
"514","CD14+ Monocytes"
"515","CD4 T cells"
"516","CD4 T cells"
"517","NK cells"
"518","CD4 T cells"
"519","CD4 T cells"
"520","HEK cells"
"521","HEK cells"
"522","CD14+ Monocytes"
"523","CD14+ Monocytes"
"524","HEK cells"
"525","CD4 T cells"
"526","HEK cells"
"527","NK cells"
"528","HEK cells"
"529","CD14+ Monocytes"
"530","CD4 T cells"
"531","HEK cells"
"532","FCGR3A+ Monocytes"
"533","HEK cells"
"534","HEK cells"
"535","HEK cells"
"536","NK cells"
"537","CD4 T cells"
"538","CD4 T cells"
"539","NK cells"
"540","B cells"
"541","B cells"
"542","CD4 T cells"
"543","CD14+ Monocytes"
"544","FCGR3A+ Monocytes"
"545","CD4 T cells"
"546","CD4 T cells"
"547","HEK cells"
"548","NK cells"
"549","CD4 T cells"
"550","CD8 T cells"
"551","CD4 T cells"
"552","CD14+ Monocytes"
"553","B cells"
"554","CD4 T cells"
"555","CD8 T cells"
"556","CD4 T cells"
"557","CD14+ Monocytes"
"558","CD4 T cells"
"559","CD4 T cells"
"560","HEK cells"
"561","NK cells"
"562","CD14+ Monocytes"
"563","CD8 T cells"
"564","CD14+ Monocytes"
"565","HEK cells"
"566","HEK cells"
"567","CD8 T cells"
"568","CD4 T cells"
"569","B cells"
"570","FCGR3A+ Monocytes"
"571","CD14+ Monocytes"
"572","CD4 T cells"
"573","CD14+ Monocytes"
"574","CD4 T cells"
"575","HEK cells"
"576","CD4 T cells"
"577","CD14+ Monocytes"
"578","FCGR3A+ Monocytes"
"579","CD14+ Monocytes"
"580","CD4 T cells"
"581","CD8 T cells"
"582","CD4 T cells"
"583","CD8 T cells"
"584","HEK cells"
"585","CD8 T cells"
"586","CD8 T cells"
"587","CD14+ Monocytes"
"588","HEK cells"
"589","NK cells"
"590","CD4 T cells"
"591","HEK cells"
"592","HEK cells"
"593","HEK cells"
"594","CD4 T cells"
"595","CD8 T cells"
"596","B cells"
"597","CD14+ Monocytes"
"598","CD4 T cells"
"599","HEK cells"
"600","CD4 T cells"
"601","CD8 T cells"
"602","HEK cells"
"603","CD4 T cells"
"604","CD4 T cells"
"605","CD14+ Monocytes"
"606","CD4 T cells"
"607","CD4 T cells"
"608","CD4 T cells"
"609","CD4 T cells"
"610","CD14+ Monocytes"
"611","CD4 T cells"
"612","HEK cells"
"613","CD4 T cells"
"614","CD8 T cells"
"615","HEK cells"
"616","NK cells"
"617","HEK cells"
"618","CD14+ Monocytes"
"619","NK cells"
"620","CD4 T cells"
"621","CD4 T cells"
"622","HEK cells"
"623","CD14+ Monocytes"
"624","CD14+ Monocytes"
"625","CD4 T cells"
"626","CD4 T cells"
"627","CD14+ Monocytes"
"628","FCGR3A+ Monocytes"
"629","HEK cells"
"630","CD8 T cells"
"631","CD14+ Monocytes"
"632","CD8 T cells"
"633","CD4 T cells"
"634","CD4 T cells"
"635","HEK cells"
"636","CD4 T cells"
"637","CD8 T cells"
"638","B cells"
"639","NK cells"
"640","B cells"
"641","FCGR3A+ Monocytes"
"642","CD8 T cells"
"643","CD14+ Monocytes"
"644","B cells"
"645","CD4 T cells"
"646","HEK cells"
"647","NK cells"
"648","HEK cells"
"649","CD14+ Monocytes"
"650","CD4 T cells"
"651","HEK cells"
"652","NK cells"
"653","CD4 T cells"
"654","HEK cells"
"655","HEK cells"
"656","NK cells"
"657","CD14+ Monocytes"
"658","CD8 T cells"
"659","HEK cells"
"660","CD14+ Monocytes"
"661","CD4 T cells"
"662","CD4 T cells"
"663","HEK cells"
"664","CD4 T cells"
"665","CD4 T cells"
"666","CD14+ Monocytes"
"667","HEK cells"
"668","CD4 T cells"
"669","CD14+ Monocytes"
"670","CD8 T cells"
"671","CD4 T cells"
"672","B cells"
"673","B cells"
"674","HEK cells"
"675","CD14+ Monocytes"
"676","NK cells"
"677","HEK cells"
"678","NK cells"
"679","CD4 T cells"
"680","HEK cells"
"681","HEK cells"
"682","CD14+ Monocytes"
"683","CD8 T cells"
"684","CD14+ Monocytes"
"685","CD4 T cells"
"686","CD8 T cells"
"687","NK cells"
"688","CD4 T cells"
"689","CD4 T cells"
"690","CD4 T cells"
"691","CD14+ Monocytes"
"692","CD4 T cells"
"693","CD4 T cells"
"694","CD14+ Monocytes"
"695","CD8 T cells"
"696","B cells"
"697","CD8 T cells"
"698","CD8 T cells"
"699","CD4 T cells"
"700","HEK cells"
"701","HEK cells"
"702","CD8 T cells"
"703","NK cells"
"704","CD4 T cells"
"705","CD4 T cells"
"706","CD14+ Monocytes"
"707","CD4 T cells"
"708","CD4 T cells"
"709","CD4 T cells"
"710","CD14+ Monocytes"
"711","CD4 T cells"
"712","CD4 T cells"
"713","CD4 T cells"
"714","CD4 T cells"
"715","CD14+ Monocytes"
"716","HEK cells"
"717","CD14+ Monocytes"
"718","CD8 T cells"
"719","CD4 T cells"
"720","CD14+ Monocytes"
"721","CD8 T cells"
"722","CD4 T cells"
"723","CD4 T cells"
"724","CD4 T cells"
"725","B cells"
"726","CD4 T cells"
"727","HEK cells"
"728","CD4 T cells"
"729","FCGR3A+ Monocytes"
"730","CD4 T cells"
"731","HEK cells"
"732","FCGR3A+ Monocytes"
"733","HEK cells"
"734","CD14+ Monocytes"
"735","CD8 T cells"
"736","CD14+ Monocytes"
"737","CD14+ Monocytes"
"738","CD8 T cells"
"739","Dendritic cells"
"740","CD14+ Monocytes"
"741","CD4 T cells"
"742","CD14+ Monocytes"
"743","CD8 T cells"
"744","CD4 T cells"
"745","CD4 T cells"
"746","CD14+ Monocytes"
"747","B cells"
"748","CD4 T cells"
"749","CD4 T cells"
"750","CD14+ Monocytes"
"751","HEK cells"
"752","CD4 T cells"
"753","CD4 T cells"
"754","CD14+ Monocytes"
"755","HEK cells"
"756","CD14+ Monocytes"
"757","CD4 T cells"
"758","CD4 T cells"
"759","CD4 T cells"
"760","NK cells"
"761","HEK cells"
"762","CD8 T cells"
"763","HEK cells"
"764","CD4 T cells"
"765","HEK cells"
"766","HEK cells"
"767","NK cells"
"768","CD4 T cells"
"769","HEK cells"
"770","CD14+ Monocytes"
"771","CD14+ Monocytes"
"772","NK cells"
"773","CD4 T cells"
"774","CD14+ Monocytes"
"775","HEK cells"
"776","HEK cells"
"777","NK cells"
"778","B cells"
"779","CD14+ Monocytes"
"780","CD8 T cells"
"781","CD14+ Monocytes"
"782","CD4 T cells"
"783","CD4 T cells"
"784","HEK cells"
"785","FCGR3A+ Monocytes"
"786","CD8 T cells"
"787","CD4 T cells"
"788","CD14+ Monocytes"
"789","CD4 T cells"
"790","FCGR3A+ Monocytes"
"791","CD4 T cells"
"792","CD4 T cells"
"793","CD14+ Monocytes"
"794","CD14+ Monocytes"
"795","CD4 T cells"
"796","CD14+ Monocytes"
"797","CD14+ Monocytes"
"798","CD8 T cells"
"799","CD14+ Monocytes"
"800","CD14+ Monocytes"
"801","CD14+ Monocytes"
"802","CD4 T cells"
"803","CD4 T cells"
"804","CD4 T cells"
"805","CD4 T cells"
"806","CD4 T cells"
"807","CD4 T cells"
"808","Dendritic cells"
"809","HEK cells"
"810","B cells"
"811","HEK cells"
"812","CD4 T cells"
"813","HEK cells"
"814","CD14+ Monocytes"
"815","CD4 T cells"
"816","HEK cells"
"817","CD4 T cells"
"818","CD14+ Monocytes"
"819","CD8 T cells"
"820","CD4 T cells"
"821","B cells"
"822","NK cells"
"823","B cells"
"824","CD4 T cells"
"825","CD4 T cells"
"826","CD4 T cells"
"827","HEK cells"
"828","HEK cells"
"829","NK cells"
"830","CD4 T cells"
"831","FCGR3A+ Monocytes"
"832","CD14+ Monocytes"
"833","CD14+ Monocytes"
"834","NK cells"
"835","CD4 T cells"
"836","CD14+ Monocytes"
"837","CD8 T cells"
"838","NK cells"
"839","HEK cells"
"840","HEK cells"
"841","HEK cells"
"842","NK cells"
"843","CD4 T cells"
"844","CD14+ Monocytes"
"845","B cells"
"846","NK cells"
"847","CD4 T cells"
"848","CD4 T cells"
"849","NK cells"
"850","CD14+ Monocytes"
"851","CD8 T cells"
"852","CD4 T cells"
"853","HEK cells"
"854","CD8 T cells"
"855","CD4 T cells"
"856","CD4 T cells"
"857","CD8 T cells"
"858","NK cells"
"859","HEK cells"
"860","B cells"
"861","CD4 T cells"
"862","B cells"
"863","CD14+ Monocytes"
"864","CD8 T cells"
"865","HEK cells"
"866","HEK cells"
"867","CD8 T cells"
"868","CD4 T cells"
"869","HEK cells"
"870","HEK cells"
"871","CD4 T cells"
"872","HEK cells"
"873","B cells"
"874","CD4 T cells"
"875","HEK cells"
"876","HEK cells"
"877","HEK cells"
"878","B cells"
"879","CD4 T cells"
"880","Dendritic cells"
"881","B cells"
"882","NK cells"
"883","CD4 T cells"
"884","CD4 T cells"
"885","CD4 T cells"
"886","HEK cells"
"887","CD4 T cells"
"888","NK cells"
"889","B cells"
"890","FCGR3A+ Monocytes"
"891","CD14+ Monocytes"
"892","B cells"
"893","B cells"
"894","CD4 T cells"
"895","FCGR3A+ Monocytes"
"896","HEK cells"
"897","CD14+ Monocytes"
"898","B cells"
"899","NK cells"
"900","CD4 T cells"
"901","CD4 T cells"
"902","CD14+ Monocytes"
"903","CD4 T cells"
"904","HEK cells"
"905","CD8 T cells"
"906","B cells"
"907","CD14+ Monocytes"
"908","HEK cells"
"909","HEK cells"
"910","CD4 T cells"
"911","NK cells"
"912","B cells"
"913","CD14+ Monocytes"
"914","CD4 T cells"
"915","NK cells"
"916","FCGR3A+ Monocytes"
"917","CD4 T cells"
"918","CD14+ Monocytes"
"919","CD4 T cells"
"920","HEK cells"
"921","CD14+ Monocytes"
"922","CD4 T cells"
"923","CD4 T cells"
"924","CD4 T cells"
"925","CD4 T cells"
"926","B cells"
"927","B cells"
"928","CD14+ Monocytes"
"929","FCGR3A+ Monocytes"
"930","CD4 T cells"
"931","CD4 T cells"
"932","CD4 T cells"
"933","CD4 T cells"
"934","CD8 T cells"
"935","CD14+ Monocytes"
"936","CD14+ Monocytes"
"937","HEK cells"
"938","NK cells"
"939","CD4 T cells"
"940","CD4 T cells"
"941","CD4 T cells"
"942","HEK cells"
"943","CD4 T cells"
"944","CD4 T cells"
"945","HEK cells"
"946","HEK cells"
"947","NK cells"
"948","CD14+ Monocytes"
"949","CD4 T cells"
"950","CD14+ Monocytes"
"951","CD4 T cells"
"952","CD14+ Monocytes"
"953","CD8 T cells"
"954","CD8 T cells"
"955","FCGR3A+ Monocytes"
"956","CD4 T cells"
"957","CD4 T cells"
"958","CD4 T cells"
"959","CD4 T cells"
"960","CD14+ Monocytes"
"961","B cells"
"962","CD4 T cells"
"963","CD4 T cells"
"964","CD4 T cells"
"965","CD8 T cells"
"966","CD4 T cells"
"967","CD14+ Monocytes"
"968","HEK cells"
"969","CD4 T cells"
"970","HEK cells"
"971","CD4 T cells"
"972","HEK cells"
"973","NK cells"
"974","CD8 T cells"
"975","CD8 T cells"
"976","CD4 T cells"
"977","CD14+ Monocytes"
"978","CD8 T cells"
"979","HEK cells"
"980","CD4 T cells"
"981","HEK cells"
"982","CD4 T cells"
"983","CD4 T cells"
"984","CD8 T cells"
"985","CD8 T cells"
"986","CD8 T cells"
"987","CD8 T cells"
"988","CD14+ Monocytes"
"989","B cells"
"990","CD4 T cells"
"991","CD4 T cells"
"992","CD4 T cells"
"993","CD4 T cells"
"994","NK cells"
"995","Dendritic cells"
"996","CD4 T cells"
"997","CD4 T cells"
"998","CD4 T cells"
"999","CD8 T cells"
"1000","HEK cells"
"1001","HEK cells"
"1002","HEK cells"
"1003","CD8 T cells"
"1004","CD4 T cells"
"1005","B cells"
"1006","CD4 T cells"
"1007","CD8 T cells"
"1008","Dendritic cells"
"1009","CD4 T cells"
"1010","B cells"
"1011","HEK cells"
"1012","CD4 T cells"
"1013","CD14+ Monocytes"
"1014","CD4 T cells"
"1015","B cells"
"1016","CD8 T cells"
"1017","CD8 T cells"
"1018","HEK cells"
"1019","HEK cells"
"1020","FCGR3A+ Monocytes"
"1021","CD4 T cells"
"1022","FCGR3A+ Monocytes"
"1023","HEK cells"
"1024","HEK cells"
"1025","CD4 T cells"
"1026","HEK cells"
"1027","CD4 T cells"
"1028","CD14+ Monocytes"
"1029","NK cells"
"1030","HEK cells"
"1031","Dendritic cells"
"1032","CD4 T cells"
"1033","B cells"
"1034","HEK cells"
"1035","CD8 T cells"
"1036","CD14+ Monocytes"
"1037","CD14+ Monocytes"
"1038","CD8 T cells"
"1039","HEK cells"
"1040","CD4 T cells"
"1041","CD4 T cells"
"1042","HEK cells"
"1043","B cells"
"1044","CD14+ Monocytes"
"1045","CD4 T cells"
"1046","CD4 T cells"
"1047","HEK cells"
"1048","CD4 T cells"
"1049","CD14+ Monocytes"
"1050","CD14+ Monocytes"
"1051","HEK cells"
"1052","CD4 T cells"
"1053","CD14+ Monocytes"
"1054","CD4 T cells"
"1055","CD4 T cells"
"1056","CD14+ Monocytes"
"1057","CD14+ Monocytes"
"1058","CD4 T cells"
"1059","CD14+ Monocytes"
"1060","HEK cells"
"1061","CD4 T cells"
"1062","HEK cells"
"1063","CD4 T cells"
"1064","CD8 T cells"
"1065","Dendritic cells"
"1066","B cells"
"1067","CD4 T cells"
"1068","CD4 T cells"
"1069","CD4 T cells"
"1070","CD4 T cells"
"1071","B cells"
"1072","B cells"
"1073","CD4 T cells"
"1074","CD4 T cells"
"1075","HEK cells"
"1076","HEK cells"
"1077","CD4 T cells"
"1078","CD4 T cells"
"1079","CD8 T cells"
"1080","CD8 T cells"
"1081","CD8 T cells"
"1082","CD4 T cells"
"1083","CD4 T cells"
"1084","CD8 T cells"
"1085","CD4 T cells"
"1086","CD4 T cells"
"1087","CD4 T cells"
"1088","HEK cells"
"1089","CD14+ Monocytes"
"1090","NK cells"
"1091","NK cells"
"1092","B cells"
"1093","HEK cells"
"1094","HEK cells"
"1095","NK cells"
"1096","HEK cells"
"1097","CD8 T cells"
"1098","CD4 T cells"
"1099","CD14+ Monocytes"
"1100","CD4 T cells"
"1101","CD4 T cells"
"1102","HEK cells"
"1103","CD4 T cells"
"1104","B cells"
"1105","CD4 T cells"
"1106","CD4 T cells"
"1107","CD4 T cells"
"1108","B cells"
"1109","HEK cells"
"1110","HEK cells"
"1111","CD8 T cells"
"1112","HEK cells"
"1113","CD14+ Monocytes"
"1114","HEK cells"
"1115","HEK cells"
"1116","CD4 T cells"
"1117","FCGR3A+ Monocytes"
"1118","CD4 T cells"
"1119","CD4 T cells"
"1120","HEK cells"
"1121","CD4 T cells"
"1122","CD8 T cells"
"1123","HEK cells"
"1124","CD4 T cells"
"1125","CD14+ Monocytes"
"1126","CD8 T cells"
"1127","CD8 T cells"
"1128","HEK cells"
"1129","HEK cells"
"1130","FCGR3A+ Monocytes"
"1131","CD14+ Monocytes"
"1132","CD14+ Monocytes"
"1133","CD8 T cells"
"1134","CD4 T cells"
"1135","CD4 T cells"
"1136","CD4 T cells"
"1137","CD14+ Monocytes"
"1138","HEK cells"
"1139","HEK cells"
"1140","HEK cells"
"1141","CD14+ Monocytes"
"1142","HEK cells"
"1143","CD4 T cells"
"1144","CD4 T cells"
"1145","HEK cells"
"1146","CD8 T cells"
"1147","CD4 T cells"
"1148","HEK cells"
"1149","CD4 T cells"
"1150","CD4 T cells"
"1151","CD4 T cells"
"1152","HEK cells"
"1153","CD14+ Monocytes"
"1154","CD4 T cells"
"1155","HEK cells"
"1156","CD4 T cells"
"1157","CD8 T cells"
"1158","CD14+ Monocytes"
"1159","CD4 T cells"
"1160","Dendritic cells"
"1161","CD4 T cells"
"1162","HEK cells"
"1163","HEK cells"
"1164","CD4 T cells"
"1165","NK cells"
"1166","B cells"
"1167","CD4 T cells"
"1168","HEK cells"
"1169","CD4 T cells"
"1170","CD4 T cells"
"1171","CD14+ Monocytes"
"1172","CD8 T cells"
"1173","CD4 T cells"
"1174","CD14+ Monocytes"
"1175","CD4 T cells"
"1176","HEK cells"
"1177","CD4 T cells"
"1178","CD14+ Monocytes"
"1179","CD4 T cells"
"1180","HEK cells"
"1181","NK cells"
"1182","HEK cells"
"1183","CD4 T cells"
"1184","HEK cells"
"1185","CD14+ Monocytes"
"1186","CD4 T cells"
"1187","CD4 T cells"
"1188","CD8 T cells"
"1189","CD8 T cells"
"1190","HEK cells"
"1191","CD4 T cells"
"1192","HEK cells"
"1193","CD4 T cells"
"1194","NK cells"
"1195","CD4 T cells"
"1196","HEK cells"
"1197","CD4 T cells"
"1198","CD4 T cells"
"1199","CD8 T cells"
"1200","CD4 T cells"
"1201","B cells"
"1202","CD4 T cells"
"1203","CD4 T cells"
"1204","CD8 T cells"
"1205","CD4 T cells"
"1206","HEK cells"
"1207","CD14+ Monocytes"
"1208","CD4 T cells"
"1209","NK cells"
"1210","CD14+ Monocytes"
"1211","HEK cells"
"1212","CD8 T cells"
"1213","HEK cells"
"1214","CD4 T cells"
"1215","CD8 T cells"
"1216","CD8 T cells"
"1217","HEK cells"
"1218","CD4 T cells"
"1219","CD4 T cells"
"1220","CD14+ Monocytes"
"1221","CD14+ Monocytes"
"1222","CD4 T cells"
"1223","CD4 T cells"
"1224","HEK cells"
"1225","CD4 T cells"
"1226","CD4 T cells"
"1227","CD14+ Monocytes"
"1228","CD4 T cells"
"1229","HEK cells"
"1230","CD8 T cells"
"1231","CD8 T cells"
"1232","NK cells"
"1233","NK cells"
"1234","CD4 T cells"
"1235","CD14+ Monocytes"
"1236","CD8 T cells"
"1237","CD4 T cells"
"1238","CD14+ Monocytes"
"1239","CD14+ Monocytes"
"1240","CD14+ Monocytes"
"1241","CD4 T cells"
"1242","HEK cells"
"1243","CD4 T cells"
"1244","CD8 T cells"
"1245","CD4 T cells"
"1246","NK cells"
"1247","B cells"
"1248","CD4 T cells"
"1249","CD14+ Monocytes"
"1250","CD14+ Monocytes"
"1251","HEK cells"
"1252","HEK cells"
"1253","CD8 T cells"
"1254","HEK cells"
"1255","FCGR3A+ Monocytes"
"1256","HEK cells"
"1257","CD8 T cells"
"1258","HEK cells"
"1259","CD14+ Monocytes"
"1260","CD8 T cells"
"1261","CD4 T cells"
"1262","CD14+ Monocytes"
"1263","CD4 T cells"
"1264","CD4 T cells"
"1265","CD4 T cells"
"1266","HEK cells"
"1267","HEK cells"
"1268","HEK cells"
"1269","HEK cells"
"1270","B cells"
"1271","B cells"
"1272","HEK cells"
"1273","CD14+ Monocytes"
"1274","CD14+ Monocytes"
"1275","CD8 T cells"
"1276","HEK cells"
"1277","CD14+ Monocytes"
"1278","CD4 T cells"
"1279","HEK cells"
"1280","CD4 T cells"
"1281","CD14+ Monocytes"
"1282","CD4 T cells"
"1283","CD4 T cells"
"1284","B cells"
"1285","HEK cells"
"1286","CD4 T cells"
"1287","CD4 T cells"
"1288","CD4 T cells"
"1289","HEK cells"
"1290","HEK cells"
"1291","CD8 T cells"
"1292","HEK cells"
"1293","HEK cells"
"1294","HEK cells"
"1295","CD4 T cells"
"1296","CD8 T cells"
"1297","CD4 T cells"
"1298","CD4 T cells"
"1299","CD4 T cells"
"1300","CD14+ Monocytes"
"1301","CD4 T cells"
"1302","CD4 T cells"
"1303","CD4 T cells"
"1304","CD8 T cells"
"1305","CD4 T cells"
"1306","CD4 T cells"
"1307","B cells"
"1308","HEK cells"
"1309","CD4 T cells"
"1310","HEK cells"
"1311","CD4 T cells"
"1312","CD4 T cells"
"1313","Dendritic cells"
"1314","HEK cells"
"1315","CD8 T cells"
"1316","CD14+ Monocytes"
"1317","FCGR3A+ Monocytes"
"1318","CD4 T cells"
"1319","CD4 T cells"
"1320","CD8 T cells"
"1321","CD4 T cells"
"1322","HEK cells"
"1323","B cells"
"1324","CD4 T cells"
"1325","CD4 T cells"
"1326","NK cells"
"1327","CD14+ Monocytes"
"1328","CD4 T cells"
"1329","CD14+ Monocytes"
"1330","FCGR3A+ Monocytes"
"1331","CD4 T cells"
"1332","CD4 T cells"
"1333","B cells"
"1334","CD4 T cells"
"1335","HEK cells"
"1336","CD4 T cells"
"1337","CD8 T cells"
"1338","CD4 T cells"
"1339","CD4 T cells"
"1340","HEK cells"
"1341","CD4 T cells"
"1342","FCGR3A+ Monocytes"
"1343","B cells"
"1344","CD4 T cells"
"1345","FCGR3A+ Monocytes"
"1346","HEK cells"
"1347","HEK cells"
"1348","CD14+ Monocytes"
"1349","CD4 T cells"
"1350","HEK cells"
"1351","CD4 T cells"
"1352","CD4 T cells"
"1353","CD4 T cells"
"1354","CD4 T cells"
"1355","HEK cells"
"1356","CD14+ Monocytes"
"1357","CD14+ Monocytes"
"1358","CD14+ Monocytes"
"1359","CD14+ Monocytes"
"1360","B cells"
"1361","CD4 T cells"
"1362","CD14+ Monocytes"
"1363","CD4 T cells"
"1364","NK cells"
"1365","HEK cells"
"1366","CD4 T cells"
"1367","CD14+ Monocytes"
"1368","CD4 T cells"
"1369","CD4 T cells"
"1370","CD14+ Monocytes"
"1371","CD4 T cells"
"1372","CD14+ Monocytes"
"1373","HEK cells"
"1374","CD14+ Monocytes"
"1375","CD4 T cells"
"1376","CD4 T cells"
"1377","CD4 T cells"
"1378","HEK cells"
"1379","HEK cells"
"1380","B cells"
"1381","CD4 T cells"
"1382","CD14+ Monocytes"
"1383","HEK cells"
"1384","HEK cells"
"1385","CD4 T cells"
"1386","CD4 T cells"
"1387","CD4 T cells"
"1388","CD4 T cells"
"1389","CD8 T cells"
"1390","CD8 T cells"
"1391","B cells"
"1392","Dendritic cells"
"1393","B cells"
"1394","HEK cells"
"1395","CD4 T cells"
"1396","CD8 T cells"
"1397","CD8 T cells"
"1398","CD8 T cells"
"1399","CD4 T cells"
"1400","FCGR3A+ Monocytes"
"1401","CD14+ Monocytes"
"1402","CD4 T cells"
"1403","CD4 T cells"
"1404","NK cells"
"1405","HEK cells"
"1406","B cells"
"1407","B cells"
"1408","HEK cells"
"1409","CD14+ Monocytes"
"1410","CD4 T cells"
"1411","CD8 T cells"
"1412","CD14+ Monocytes"
"1413","HEK cells"
"1414","FCGR3A+ Monocytes"
"1415","NK cells"
"1416","CD14+ Monocytes"
"1417","CD14+ Monocytes"
"1418","CD8 T cells"
"1419","HEK cells"
"1420","CD4 T cells"
"1421","HEK cells"
"1422","CD4 T cells"
"1423","HEK cells"
"1424","CD14+ Monocytes"
"1425","CD4 T cells"
"1426","NK cells"
"1427","NK cells"
"1428","CD14+ Monocytes"
"1429","CD8 T cells"
"1430","CD14+ Monocytes"
"1431","CD4 T cells"
"1432","CD4 T cells"
"1433","HEK cells"
"1434","CD4 T cells"
"1435","CD8 T cells"
"1436","CD4 T cells"
"1437","CD4 T cells"
"1438","HEK cells"
"1439","CD14+ Monocytes"
"1440","FCGR3A+ Monocytes"
"1441","HEK cells"
"1442","CD4 T cells"
"1443","CD8 T cells"
"1444","HEK cells"
"1445","CD4 T cells"
"1446","NK cells"
"1447","FCGR3A+ Monocytes"
"1448","HEK cells"
"1449","B cells"
"1450","CD4 T cells"
"1451","CD14+ Monocytes"
"1452","NK cells"
"1453","CD4 T cells"
"1454","CD14+ Monocytes"
"1455","CD4 T cells"
"1456","NK cells"
"1457","HEK cells"
"1458","CD14+ Monocytes"
"1459","CD4 T cells"
"1460","HEK cells"
"1461","CD4 T cells"
"1462","HEK cells"
"1463","Dendritic cells"
"1464","CD14+ Monocytes"
"1465","CD14+ Monocytes"
"1466","CD8 T cells"
"1467","B cells"
"1468","CD4 T cells"
"1469","CD4 T cells"
"1470","CD4 T cells"
"1471","CD8 T cells"
"1472","CD14+ Monocytes"
"1473","HEK cells"
"1474","HEK cells"
"1475","CD4 T cells"
"1476","CD8 T cells"
"1477","CD8 T cells"
"1478","CD4 T cells"
"1479","CD4 T cells"
"1480","CD4 T cells"
"1481","NK cells"
"1482","CD8 T cells"
"1483","Dendritic cells"
"1484","CD4 T cells"
"1485","CD14+ Monocytes"
"1486","CD4 T cells"
"1487","B cells"
"1488","CD4 T cells"
"1489","CD14+ Monocytes"
"1490","CD4 T cells"
"1491","HEK cells"
"1492","HEK cells"
"1493","CD8 T cells"
"1494","CD14+ Monocytes"
"1495","NK cells"
"1496","CD4 T cells"
"1497","HEK cells"
"1498","CD14+ Monocytes"
"1499","CD4 T cells"
"1500","CD4 T cells"
"1501","FCGR3A+ Monocytes"
"1502","HEK cells"
"1503","HEK cells"
"1504","B cells"
"1505","CD4 T cells"
"1506","CD4 T cells"
"1507","CD8 T cells"
"1508","CD4 T cells"
"1509","CD14+ Monocytes"
"1510","CD4 T cells"
"1511","CD14+ Monocytes"
"1512","CD14+ Monocytes"
"1513","CD4 T cells"
"1514","B cells"
"1515","HEK cells"
"1516","CD14+ Monocytes"
"1517","B cells"
"1518","CD14+ Monocytes"
"1519","CD4 T cells"
"1520","HEK cells"
"1521","CD14+ Monocytes"
"1522","CD4 T cells"
"1523","HEK cells"
"1524","CD4 T cells"
"1525","CD4 T cells"
"1526","HEK cells"
"1527","HEK cells"
"1528","CD4 T cells"
"1529","CD14+ Monocytes"
"1530","HEK cells"
"1531","NK cells"
"1532","CD4 T cells"
"1533","CD14+ Monocytes"
"1534","B cells"
"1535","HEK cells"
"1536","NK cells"
"1537","CD8 T cells"
"1538","CD4 T cells"
"1539","HEK cells"
"1540","HEK cells"
"1541","HEK cells"
"1542","CD4 T cells"
"1543","CD4 T cells"
"1544","HEK cells"
"1545","HEK cells"
"1546","NK cells"
"1547","CD8 T cells"
"1548","HEK cells"
"1549","NK cells"
"1550","CD4 T cells"
"1551","CD14+ Monocytes"
"1552","CD4 T cells"
"1553","NK cells"
"1554","CD4 T cells"
"1555","CD4 T cells"
"1556","CD14+ Monocytes"
"1557","CD4 T cells"
"1558","CD14+ Monocytes"
"1559","HEK cells"
"1560","CD4 T cells"
"1561","CD4 T cells"
"1562","CD14+ Monocytes"
"1563","CD8 T cells"
"1564","HEK cells"
"1565","CD4 T cells"
"1566","HEK cells"
"1567","CD14+ Monocytes"
"1568","CD4 T cells"
"1569","CD4 T cells"
"1570","CD4 T cells"
"1571","HEK cells"
"1572","HEK cells"
"1573","HEK cells"
"1574","HEK cells"
"1575","HEK cells"
"1576","CD8 T cells"
"1577","CD4 T cells"
"1578","CD4 T cells"
"1579","CD4 T cells"
"1580","CD4 T cells"
"1581","NK cells"
"1582","CD4 T cells"
"1583","HEK cells"
"1584","B cells"
"1585","CD4 T cells"
"1586","NK cells"
"1587","CD4 T cells"
"1588","NK cells"
"1589","CD14+ Monocytes"
"1590","CD8 T cells"
"1591","NK cells"
"1592","CD4 T cells"
"1593","CD4 T cells"
"1594","CD14+ Monocytes"
"1595","CD14+ Monocytes"
"1596","CD8 T cells"
"1597","CD4 T cells"
"1598","B cells"
"1599","B cells"
"1600","CD4 T cells"
"1601","NK cells"
"1602","HEK cells"
"1603","CD4 T cells"
"1604","CD4 T cells"
