"","x"
"1","CD4 T cells"
"2","NK cells"
"3","CD4 T cells"
"4","HEK cells"
"5","CD14+ Monocytes"
"6","CD8 T cells"
"7","CD4 T cells"
"8","CD4 T cells"
"9","NK cells"
"10","CD4 T cells"
"11","CD4 T cells"
"12","B cells"
"13","CD4 T cells"
"14","HEK cells"
"15","CD14+ Monocytes"
"16","B cells"
"17","CD4 T cells"
"18","CD4 T cells"
"19","CD4 T cells"
"20","CD14+ Monocytes"
"21","CD4 T cells"
"22","B cells"
"23","B cells"
"24","CD8 T cells"
"25","CD4 T cells"
"26","CD4 T cells"
"27","NK cells"
"28","CD4 T cells"
"29","CD4 T cells"
"30","HEK cells"
"31","CD4 T cells"
"32","HEK cells"
"33","Dendritic cells"
"34","CD4 T cells"
"35","CD8 T cells"
"36","CD8 T cells"
"37","CD4 T cells"
"38","CD4 T cells"
"39","CD4 T cells"
"40","Dendritic cells"
"41","CD4 T cells"
"42","NK cells"
"43","CD8 T cells"
"44","NK cells"
"45","NK cells"
"46","CD4 T cells"
"47","CD4 T cells"
"48","B cells"
"49","CD4 T cells"
"50","CD4 T cells"
"51","CD4 T cells"
"52","CD4 T cells"
"53","NK cells"
"54","B cells"
"55","CD4 T cells"
"56","CD4 T cells"
"57","B cells"
"58","CD4 T cells"
"59","HEK cells"
"60","CD4 T cells"
"61","CD4 T cells"
"62","CD4 T cells"
"63","CD4 T cells"
"64","CD4 T cells"
"65","CD4 T cells"
"66","CD4 T cells"
"67","HEK cells"
"68","CD4 T cells"
"69","CD4 T cells"
"70","CD8 T cells"
"71","CD4 T cells"
"72","B cells"
"73","NK cells"
"74","CD4 T cells"
"75","CD8 T cells"
"76","HEK cells"
"77","CD14+ Monocytes"
"78","HEK cells"
"79","CD4 T cells"
"80","CD4 T cells"
"81","HEK cells"
"82","NK cells"
"83","CD4 T cells"
"84","CD4 T cells"
"85","B cells"
"86","NK cells"
"87","CD4 T cells"
"88","CD4 T cells"
"89","CD8 T cells"
"90","CD4 T cells"
"91","CD4 T cells"
"92","CD4 T cells"
"93","CD8 T cells"
"94","FCGR3A+ Monocytes"
"95","CD4 T cells"
"96","CD4 T cells"
"97","CD4 T cells"
"98","HEK cells"
"99","HEK cells"
"100","HEK cells"
"101","CD4 T cells"
"102","CD4 T cells"
"103","HEK cells"
"104","HEK cells"
"105","CD4 T cells"
"106","NK cells"
"107","CD4 T cells"
"108","CD4 T cells"
"109","HEK cells"
"110","HEK cells"
"111","HEK cells"
"112","HEK cells"
"113","B cells"
"114","HEK cells"
"115","CD4 T cells"
"116","FCGR3A+ Monocytes"
"117","NK cells"
"118","CD8 T cells"
"119","B cells"
"120","Dendritic cells"
"121","CD4 T cells"
"122","CD8 T cells"
"123","CD4 T cells"
"124","CD4 T cells"
"125","CD4 T cells"
"126","HEK cells"
"127","HEK cells"
"128","HEK cells"
"129","HEK cells"
"130","HEK cells"
"131","HEK cells"
"132","HEK cells"
"133","HEK cells"
"134","HEK cells"
"135","HEK cells"
"136","HEK cells"
"137","HEK cells"
"138","B cells"
"139","NK cells"
"140","HEK cells"
"141","CD4 T cells"
"142","CD4 T cells"
"143","HEK cells"
"144","HEK cells"
"145","HEK cells"
"146","HEK cells"
"147","HEK cells"
"148","CD4 T cells"
"149","CD4 T cells"
"150","B cells"
"151","CD8 T cells"
"152","NK cells"
"153","CD4 T cells"
"154","CD4 T cells"
"155","CD4 T cells"
"156","B cells"
"157","B cells"
"158","B cells"
"159","FCGR3A+ Monocytes"
"160","B cells"
"161","B cells"
"162","CD4 T cells"
"163","CD14+ Monocytes"
"164","NK cells"
"165","NK cells"
"166","CD8 T cells"
"167","NK cells"
"168","NK cells"
"169","CD4 T cells"
"170","CD4 T cells"
"171","FCGR3A+ Monocytes"
"172","CD4 T cells"
"173","HEK cells"
"174","B cells"
"175","CD4 T cells"
"176","CD4 T cells"
"177","HEK cells"
"178","CD4 T cells"
"179","CD4 T cells"
"180","CD4 T cells"
"181","CD4 T cells"
"182","CD4 T cells"
"183","CD14+ Monocytes"
"184","NK cells"
"185","CD14+ Monocytes"
"186","CD4 T cells"
"187","CD4 T cells"
"188","B cells"
"189","CD14+ Monocytes"
"190","NK cells"
"191","CD4 T cells"
"192","CD4 T cells"
"193","CD4 T cells"
"194","CD4 T cells"
"195","NK cells"
"196","CD4 T cells"
"197","CD4 T cells"
"198","CD4 T cells"
"199","CD14+ Monocytes"
"200","HEK cells"
"201","CD4 T cells"
"202","CD4 T cells"
"203","B cells"
"204","CD4 T cells"
"205","CD14+ Monocytes"
"206","NK cells"
"207","CD4 T cells"
"208","CD4 T cells"
"209","B cells"
"210","HEK cells"
"211","CD4 T cells"
"212","CD4 T cells"
"213","NK cells"
"214","B cells"
"215","CD4 T cells"
"216","NK cells"
"217","CD4 T cells"
"218","CD4 T cells"
"219","Dendritic cells"
"220","HEK cells"
"221","CD4 T cells"
"222","CD4 T cells"
"223","NK cells"
"224","HEK cells"
"225","CD4 T cells"
"226","CD4 T cells"
"227","CD8 T cells"
"228","CD14+ Monocytes"
"229","CD4 T cells"
"230","HEK cells"
"231","B cells"
"232","NK cells"
"233","HEK cells"
"234","NK cells"
"235","CD4 T cells"
"236","B cells"
"237","CD4 T cells"
"238","HEK cells"
"239","FCGR3A+ Monocytes"
"240","CD4 T cells"
"241","NK cells"
"242","CD4 T cells"
"243","B cells"
"244","CD4 T cells"
"245","CD8 T cells"
"246","CD8 T cells"
"247","NK cells"
"248","CD4 T cells"
"249","CD4 T cells"
"250","CD8 T cells"
"251","CD4 T cells"
"252","CD8 T cells"
"253","NK cells"
"254","CD4 T cells"
"255","NK cells"
"256","CD4 T cells"
"257","B cells"
"258","CD4 T cells"
"259","CD8 T cells"
"260","CD8 T cells"
"261","CD4 T cells"
"262","FCGR3A+ Monocytes"
"263","NK cells"
"264","HEK cells"
"265","NK cells"
"266","CD8 T cells"
"267","B cells"
"268","CD4 T cells"
"269","CD4 T cells"
"270","CD4 T cells"
"271","CD4 T cells"
"272","CD8 T cells"
"273","CD4 T cells"
"274","B cells"
"275","B cells"
"276","CD4 T cells"
"277","CD4 T cells"
"278","HEK cells"
"279","HEK cells"
"280","HEK cells"
"281","HEK cells"
"282","CD4 T cells"
"283","B cells"
"284","CD4 T cells"
"285","NK cells"
"286","CD4 T cells"
"287","CD4 T cells"
"288","CD4 T cells"
"289","NK cells"
"290","CD4 T cells"
"291","CD4 T cells"
"292","CD8 T cells"
"293","B cells"
"294","HEK cells"
"295","HEK cells"
"296","B cells"
"297","CD8 T cells"
"298","HEK cells"
"299","CD4 T cells"
"300","CD8 T cells"
"301","HEK cells"
"302","CD4 T cells"
"303","CD8 T cells"
"304","CD4 T cells"
"305","CD8 T cells"
"306","NK cells"
"307","CD4 T cells"
"308","CD8 T cells"
"309","CD4 T cells"
"310","CD4 T cells"
"311","CD4 T cells"
"312","HEK cells"
"313","CD14+ Monocytes"
"314","HEK cells"
"315","FCGR3A+ Monocytes"
"316","NK cells"
"317","CD8 T cells"
"318","HEK cells"
"319","CD4 T cells"
"320","NK cells"
"321","CD8 T cells"
"322","HEK cells"
"323","HEK cells"
"324","HEK cells"
"325","HEK cells"
"326","CD4 T cells"
"327","HEK cells"
"328","FCGR3A+ Monocytes"
"329","HEK cells"
"330","HEK cells"
"331","HEK cells"
"332","HEK cells"
"333","HEK cells"
"334","NK cells"
"335","CD4 T cells"
"336","B cells"
"337","HEK cells"
"338","B cells"
"339","CD4 T cells"
"340","CD4 T cells"
"341","HEK cells"
"342","CD4 T cells"
"343","HEK cells"
"344","CD8 T cells"
"345","HEK cells"
"346","CD8 T cells"
"347","CD8 T cells"
"348","CD8 T cells"
"349","FCGR3A+ Monocytes"
"350","CD4 T cells"
"351","HEK cells"
"352","HEK cells"
"353","HEK cells"
"354","FCGR3A+ Monocytes"
"355","CD8 T cells"
"356","NK cells"
"357","HEK cells"
"358","HEK cells"
"359","CD4 T cells"
"360","HEK cells"
"361","CD8 T cells"
"362","CD4 T cells"
"363","CD4 T cells"
"364","HEK cells"
"365","HEK cells"
"366","CD4 T cells"
"367","CD14+ Monocytes"
"368","CD8 T cells"
"369","CD4 T cells"
"370","CD4 T cells"
"371","NK cells"
"372","CD8 T cells"
"373","CD14+ Monocytes"
"374","HEK cells"
"375","HEK cells"
"376","HEK cells"
"377","HEK cells"
"378","HEK cells"
"379","HEK cells"
"380","B cells"
"381","NK cells"
"382","HEK cells"
"383","HEK cells"
"384","HEK cells"
"385","HEK cells"
"386","CD4 T cells"
"387","B cells"
"388","B cells"
"389","CD4 T cells"
"390","HEK cells"
"391","CD14+ Monocytes"
"392","HEK cells"
"393","CD8 T cells"
"394","HEK cells"
"395","CD4 T cells"
"396","CD8 T cells"
"397","CD4 T cells"
"398","CD4 T cells"
"399","B cells"
"400","CD4 T cells"
"401","NK cells"
"402","NK cells"
"403","NK cells"
"404","HEK cells"
"405","HEK cells"
"406","HEK cells"
"407","NK cells"
"408","NK cells"
"409","CD4 T cells"
"410","B cells"
"411","CD4 T cells"
"412","CD4 T cells"
"413","Dendritic cells"
"414","CD8 T cells"
"415","FCGR3A+ Monocytes"
"416","NK cells"
"417","CD4 T cells"
"418","NK cells"
"419","CD4 T cells"
"420","CD4 T cells"
"421","FCGR3A+ Monocytes"
"422","CD8 T cells"
"423","CD4 T cells"
"424","CD4 T cells"
"425","B cells"
"426","CD4 T cells"
"427","CD4 T cells"
"428","CD8 T cells"
"429","CD4 T cells"
"430","CD4 T cells"
"431","CD4 T cells"
"432","HEK cells"
"433","CD4 T cells"
"434","CD4 T cells"
"435","CD4 T cells"
"436","CD8 T cells"
"437","B cells"
"438","CD4 T cells"
"439","CD8 T cells"
"440","CD4 T cells"
"441","CD4 T cells"
"442","B cells"
"443","HEK cells"
"444","HEK cells"
"445","HEK cells"
"446","FCGR3A+ Monocytes"
"447","CD4 T cells"
"448","CD4 T cells"
"449","CD8 T cells"
"450","CD4 T cells"
"451","CD8 T cells"
"452","HEK cells"
"453","HEK cells"
"454","HEK cells"
"455","HEK cells"
"456","HEK cells"
"457","CD4 T cells"
"458","HEK cells"
"459","CD4 T cells"
"460","NK cells"
"461","CD8 T cells"
"462","HEK cells"
"463","CD4 T cells"
"464","CD4 T cells"
"465","HEK cells"
"466","Dendritic cells"
"467","HEK cells"
"468","HEK cells"
"469","CD4 T cells"
"470","CD4 T cells"
"471","CD4 T cells"
"472","B cells"
"473","NK cells"
"474","CD8 T cells"
"475","CD4 T cells"
"476","B cells"
"477","CD4 T cells"
"478","CD8 T cells"
"479","NK cells"
"480","CD4 T cells"
"481","NK cells"
"482","HEK cells"
"483","HEK cells"
"484","HEK cells"
"485","HEK cells"
"486","CD8 T cells"
"487","CD4 T cells"
"488","HEK cells"
"489","HEK cells"
"490","HEK cells"
"491","HEK cells"
"492","CD4 T cells"
"493","CD4 T cells"
"494","CD4 T cells"
"495","B cells"
"496","HEK cells"
"497","CD4 T cells"
"498","HEK cells"
"499","CD8 T cells"
"500","CD4 T cells"
"501","HEK cells"
"502","B cells"
"503","CD4 T cells"
"504","CD4 T cells"
"505","CD4 T cells"
"506","CD8 T cells"
"507","CD4 T cells"
"508","HEK cells"
"509","CD4 T cells"
"510","CD4 T cells"
"511","CD4 T cells"
"512","CD4 T cells"
"513","CD4 T cells"
"514","CD4 T cells"
"515","CD4 T cells"
"516","CD8 T cells"
"517","CD4 T cells"
"518","HEK cells"
"519","CD4 T cells"
"520","CD4 T cells"
"521","HEK cells"
"522","CD4 T cells"
"523","CD4 T cells"
"524","HEK cells"
"525","CD4 T cells"
"526","CD4 T cells"
"527","FCGR3A+ Monocytes"
"528","CD4 T cells"
"529","CD4 T cells"
"530","CD4 T cells"
"531","CD4 T cells"
"532","B cells"
"533","NK cells"
"534","CD14+ Monocytes"
"535","HEK cells"
"536","CD4 T cells"
"537","CD4 T cells"
"538","CD8 T cells"
"539","B cells"
"540","CD4 T cells"
"541","HEK cells"
"542","CD4 T cells"
"543","CD4 T cells"
"544","CD8 T cells"
"545","CD4 T cells"
"546","NK cells"
"547","NK cells"
"548","HEK cells"
"549","HEK cells"
"550","CD4 T cells"
"551","CD8 T cells"
"552","HEK cells"
"553","CD4 T cells"
"554","CD4 T cells"
"555","CD4 T cells"
"556","CD4 T cells"
"557","CD4 T cells"
"558","CD4 T cells"
"559","CD4 T cells"
"560","FCGR3A+ Monocytes"
"561","CD4 T cells"
"562","FCGR3A+ Monocytes"
"563","NK cells"
"564","CD4 T cells"
"565","NK cells"
"566","CD8 T cells"
"567","CD4 T cells"
"568","HEK cells"
"569","HEK cells"
"570","HEK cells"
"571","B cells"
"572","NK cells"
"573","HEK cells"
"574","CD4 T cells"
"575","CD4 T cells"
"576","NK cells"
"577","CD4 T cells"
"578","CD8 T cells"
"579","HEK cells"
"580","B cells"
"581","CD8 T cells"
"582","B cells"
"583","HEK cells"
"584","HEK cells"
"585","HEK cells"
"586","HEK cells"
"587","HEK cells"
"588","HEK cells"
"589","CD14+ Monocytes"
"590","CD8 T cells"
"591","CD14+ Monocytes"
"592","CD4 T cells"
"593","CD4 T cells"
"594","CD4 T cells"
"595","CD4 T cells"
"596","NK cells"
"597","CD4 T cells"
"598","CD8 T cells"
"599","HEK cells"
"600","CD4 T cells"
"601","NK cells"
"602","B cells"
"603","HEK cells"
"604","HEK cells"
"605","HEK cells"
"606","CD4 T cells"
"607","HEK cells"
"608","CD8 T cells"
"609","CD4 T cells"
"610","CD8 T cells"
"611","FCGR3A+ Monocytes"
"612","CD4 T cells"
"613","NK cells"
"614","B cells"
"615","HEK cells"
"616","CD4 T cells"
"617","CD4 T cells"
"618","B cells"
"619","B cells"
"620","NK cells"
"621","CD4 T cells"
"622","CD4 T cells"
"623","CD4 T cells"
"624","NK cells"
"625","CD4 T cells"
"626","CD4 T cells"
"627","CD4 T cells"
"628","CD4 T cells"
"629","CD8 T cells"
"630","CD4 T cells"
"631","CD8 T cells"
"632","CD4 T cells"
"633","CD4 T cells"
"634","CD4 T cells"
"635","CD8 T cells"
"636","CD4 T cells"
"637","CD4 T cells"
"638","CD4 T cells"
"639","HEK cells"
"640","CD4 T cells"
"641","CD4 T cells"
"642","B cells"
"643","CD14+ Monocytes"
"644","CD8 T cells"
"645","CD4 T cells"
"646","NK cells"
"647","HEK cells"
"648","NK cells"
"649","CD4 T cells"
"650","HEK cells"
"651","HEK cells"
"652","B cells"
"653","CD4 T cells"
"654","CD4 T cells"
"655","B cells"
"656","FCGR3A+ Monocytes"
"657","CD4 T cells"
"658","NK cells"
"659","HEK cells"
"660","B cells"
"661","CD8 T cells"
"662","CD4 T cells"
"663","CD4 T cells"
"664","CD4 T cells"
"665","CD4 T cells"
"666","NK cells"
"667","CD4 T cells"
"668","NK cells"
"669","CD8 T cells"
"670","CD4 T cells"
"671","HEK cells"
"672","Dendritic cells"
"673","B cells"
"674","HEK cells"
"675","CD8 T cells"
"676","NK cells"
"677","CD4 T cells"
"678","NK cells"
"679","CD8 T cells"
"680","CD4 T cells"
"681","CD4 T cells"
"682","CD8 T cells"
"683","CD4 T cells"
"684","HEK cells"
"685","CD4 T cells"
"686","CD4 T cells"
"687","CD4 T cells"
"688","CD4 T cells"
"689","B cells"
"690","CD8 T cells"
"691","FCGR3A+ Monocytes"
"692","NK cells"
"693","CD4 T cells"
"694","CD4 T cells"
"695","CD4 T cells"
"696","B cells"
"697","NK cells"
"698","CD8 T cells"
"699","CD4 T cells"
"700","B cells"
"701","HEK cells"
"702","NK cells"
"703","CD4 T cells"
"704","CD4 T cells"
"705","HEK cells"
"706","HEK cells"
"707","CD4 T cells"
"708","NK cells"
"709","CD4 T cells"
"710","CD8 T cells"
"711","CD8 T cells"
"712","B cells"
"713","CD8 T cells"
"714","CD4 T cells"
"715","HEK cells"
"716","CD4 T cells"
"717","B cells"
"718","CD14+ Monocytes"
"719","CD8 T cells"
"720","NK cells"
"721","CD4 T cells"
"722","CD4 T cells"
"723","HEK cells"
"724","NK cells"
"725","CD4 T cells"
"726","B cells"
"727","B cells"
"728","B cells"
"729","CD8 T cells"
"730","CD4 T cells"
"731","CD4 T cells"
"732","CD4 T cells"
"733","CD8 T cells"
"734","FCGR3A+ Monocytes"
"735","NK cells"
"736","CD8 T cells"
"737","CD4 T cells"
"738","CD4 T cells"
"739","CD4 T cells"
"740","CD4 T cells"
"741","CD8 T cells"
"742","CD4 T cells"
"743","B cells"
"744","CD4 T cells"
"745","CD14+ Monocytes"
"746","CD4 T cells"
"747","HEK cells"
"748","CD8 T cells"
"749","CD4 T cells"
"750","FCGR3A+ Monocytes"
"751","HEK cells"
"752","FCGR3A+ Monocytes"
"753","NK cells"
"754","B cells"
"755","FCGR3A+ Monocytes"
"756","CD4 T cells"
"757","HEK cells"
"758","NK cells"
"759","CD4 T cells"
"760","HEK cells"
"761","CD4 T cells"
"762","CD8 T cells"
"763","CD4 T cells"
"764","HEK cells"
"765","CD4 T cells"
"766","CD8 T cells"
"767","CD4 T cells"
"768","CD4 T cells"
"769","CD4 T cells"
"770","CD8 T cells"
"771","CD4 T cells"
"772","CD4 T cells"
"773","NK cells"
"774","B cells"
"775","CD4 T cells"
"776","NK cells"
"777","CD4 T cells"
"778","CD14+ Monocytes"
"779","CD4 T cells"
"780","NK cells"
"781","NK cells"
"782","NK cells"
"783","HEK cells"
"784","CD8 T cells"
"785","CD4 T cells"
"786","CD4 T cells"
"787","HEK cells"
"788","CD4 T cells"
"789","FCGR3A+ Monocytes"
"790","FCGR3A+ Monocytes"
"791","B cells"
"792","NK cells"
"793","CD4 T cells"
"794","CD4 T cells"
"795","CD4 T cells"
"796","CD4 T cells"
"797","CD4 T cells"
"798","CD4 T cells"
"799","CD8 T cells"
"800","B cells"
"801","CD4 T cells"
"802","CD8 T cells"
"803","B cells"
"804","Dendritic cells"
"805","HEK cells"
"806","CD4 T cells"
"807","HEK cells"
"808","CD4 T cells"
"809","CD14+ Monocytes"
"810","FCGR3A+ Monocytes"
"811","HEK cells"
"812","HEK cells"
"813","HEK cells"
"814","HEK cells"
"815","HEK cells"
"816","B cells"
"817","HEK cells"
"818","HEK cells"
"819","HEK cells"
"820","HEK cells"
"821","CD4 T cells"
"822","HEK cells"
"823","HEK cells"
"824","HEK cells"
"825","CD4 T cells"
"826","NK cells"
"827","CD8 T cells"
"828","NK cells"
"829","CD4 T cells"
"830","CD4 T cells"
"831","CD4 T cells"
"832","HEK cells"
"833","CD4 T cells"
"834","CD8 T cells"
"835","NK cells"
"836","CD4 T cells"
"837","FCGR3A+ Monocytes"
"838","FCGR3A+ Monocytes"
"839","CD4 T cells"
"840","CD8 T cells"
"841","HEK cells"
"842","HEK cells"
"843","CD4 T cells"
"844","CD4 T cells"
"845","B cells"
"846","B cells"
"847","CD4 T cells"
"848","HEK cells"
"849","CD4 T cells"
"850","HEK cells"
"851","B cells"
"852","NK cells"
"853","CD4 T cells"
"854","CD4 T cells"
"855","HEK cells"
"856","HEK cells"
"857","CD4 T cells"
"858","FCGR3A+ Monocytes"
"859","NK cells"
"860","NK cells"
"861","HEK cells"
"862","HEK cells"
"863","CD8 T cells"
"864","CD4 T cells"
"865","CD4 T cells"
"866","CD4 T cells"
"867","NK cells"
"868","FCGR3A+ Monocytes"
"869","NK cells"
"870","CD4 T cells"
"871","HEK cells"
"872","CD8 T cells"
"873","CD4 T cells"
"874","HEK cells"
"875","HEK cells"
"876","CD8 T cells"
"877","B cells"
"878","B cells"
"879","CD4 T cells"
"880","NK cells"
"881","CD4 T cells"
"882","NK cells"
"883","FCGR3A+ Monocytes"
"884","CD4 T cells"
"885","NK cells"
"886","NK cells"
"887","HEK cells"
"888","NK cells"
"889","CD4 T cells"
"890","CD4 T cells"
"891","HEK cells"
"892","CD4 T cells"
"893","CD14+ Monocytes"
"894","CD4 T cells"
"895","HEK cells"
"896","HEK cells"
"897","HEK cells"
"898","NK cells"
"899","CD8 T cells"
"900","CD4 T cells"
"901","CD4 T cells"
"902","CD4 T cells"
"903","CD8 T cells"
"904","CD4 T cells"
"905","B cells"
"906","HEK cells"
"907","CD4 T cells"
"908","CD4 T cells"
"909","CD4 T cells"
"910","NK cells"
"911","Dendritic cells"
"912","CD8 T cells"
"913","CD4 T cells"
"914","B cells"
"915","HEK cells"
"916","HEK cells"
"917","CD4 T cells"
"918","HEK cells"
"919","HEK cells"
"920","HEK cells"
"921","HEK cells"
"922","HEK cells"
"923","HEK cells"
"924","HEK cells"
"925","HEK cells"
"926","B cells"
"927","CD4 T cells"
"928","CD4 T cells"
"929","HEK cells"
"930","HEK cells"
"931","HEK cells"
"932","HEK cells"
"933","HEK cells"
"934","CD4 T cells"
"935","B cells"
"936","HEK cells"
"937","HEK cells"
"938","HEK cells"
"939","HEK cells"
"940","CD4 T cells"
"941","CD8 T cells"
"942","HEK cells"
"943","CD4 T cells"
"944","CD4 T cells"
"945","HEK cells"
"946","CD4 T cells"
"947","B cells"
"948","B cells"
"949","CD4 T cells"
"950","CD4 T cells"
"951","HEK cells"
"952","CD4 T cells"
"953","CD4 T cells"
"954","CD4 T cells"
"955","CD8 T cells"
"956","CD4 T cells"
"957","NK cells"
"958","CD4 T cells"
"959","B cells"
"960","CD4 T cells"
"961","HEK cells"
"962","B cells"
"963","HEK cells"
"964","CD4 T cells"
"965","CD8 T cells"
"966","CD4 T cells"
"967","CD4 T cells"
"968","HEK cells"
"969","HEK cells"
"970","HEK cells"
"971","NK cells"
"972","CD8 T cells"
"973","CD4 T cells"
"974","CD4 T cells"
"975","CD4 T cells"
"976","CD8 T cells"
"977","CD4 T cells"
"978","CD4 T cells"
"979","NK cells"
"980","CD4 T cells"
"981","HEK cells"
"982","CD4 T cells"
"983","FCGR3A+ Monocytes"
"984","CD8 T cells"
"985","CD4 T cells"
"986","CD4 T cells"
"987","NK cells"
"988","CD4 T cells"
"989","CD4 T cells"
"990","B cells"
"991","CD4 T cells"
"992","CD4 T cells"
"993","CD14+ Monocytes"
"994","CD4 T cells"
"995","CD4 T cells"
"996","B cells"
"997","HEK cells"
"998","CD4 T cells"
"999","CD8 T cells"
"1000","HEK cells"
"1001","CD4 T cells"
"1002","CD4 T cells"
"1003","CD4 T cells"
"1004","CD4 T cells"
"1005","CD4 T cells"
"1006","CD8 T cells"
"1007","CD4 T cells"
"1008","CD4 T cells"
"1009","HEK cells"
"1010","CD4 T cells"
"1011","HEK cells"
"1012","CD4 T cells"
"1013","B cells"
"1014","B cells"
"1015","CD14+ Monocytes"
"1016","CD8 T cells"
"1017","HEK cells"
"1018","HEK cells"
"1019","CD4 T cells"
"1020","NK cells"
"1021","NK cells"
"1022","CD8 T cells"
"1023","NK cells"
"1024","CD4 T cells"
"1025","CD4 T cells"
"1026","CD4 T cells"
"1027","HEK cells"
"1028","HEK cells"
"1029","CD4 T cells"
"1030","CD8 T cells"
"1031","CD8 T cells"
"1032","CD4 T cells"
"1033","CD8 T cells"
"1034","CD4 T cells"
"1035","CD8 T cells"
"1036","CD4 T cells"
"1037","CD4 T cells"
"1038","CD4 T cells"
"1039","NK cells"
"1040","FCGR3A+ Monocytes"
"1041","CD8 T cells"
"1042","CD4 T cells"
"1043","HEK cells"
"1044","B cells"
"1045","HEK cells"
"1046","HEK cells"
"1047","CD4 T cells"
"1048","CD4 T cells"
"1049","HEK cells"
"1050","CD4 T cells"
"1051","B cells"
"1052","CD4 T cells"
"1053","B cells"
"1054","HEK cells"
"1055","CD4 T cells"
"1056","CD4 T cells"
"1057","B cells"
"1058","HEK cells"
"1059","CD4 T cells"
"1060","B cells"
"1061","CD8 T cells"
"1062","CD4 T cells"
"1063","CD4 T cells"
"1064","HEK cells"
"1065","CD4 T cells"
"1066","FCGR3A+ Monocytes"
"1067","CD4 T cells"
"1068","CD4 T cells"
"1069","CD4 T cells"
"1070","CD8 T cells"
"1071","CD4 T cells"
"1072","CD4 T cells"
"1073","CD4 T cells"
"1074","CD8 T cells"
"1075","HEK cells"
"1076","CD4 T cells"
"1077","CD4 T cells"
"1078","HEK cells"
"1079","CD4 T cells"
"1080","B cells"
"1081","CD4 T cells"
"1082","B cells"
"1083","HEK cells"
"1084","B cells"
"1085","CD4 T cells"
"1086","HEK cells"
"1087","FCGR3A+ Monocytes"
"1088","CD4 T cells"
"1089","CD4 T cells"
"1090","CD4 T cells"
"1091","CD4 T cells"
"1092","HEK cells"
"1093","FCGR3A+ Monocytes"
"1094","CD4 T cells"
"1095","HEK cells"
"1096","HEK cells"
"1097","B cells"
"1098","CD4 T cells"
"1099","CD4 T cells"
"1100","CD8 T cells"
"1101","CD4 T cells"
"1102","NK cells"
"1103","FCGR3A+ Monocytes"
"1104","CD4 T cells"
"1105","CD8 T cells"
"1106","NK cells"
"1107","NK cells"
"1108","CD8 T cells"
"1109","B cells"
"1110","NK cells"
"1111","B cells"
"1112","CD14+ Monocytes"
"1113","CD4 T cells"
"1114","CD4 T cells"
"1115","CD4 T cells"
"1116","B cells"
"1117","CD8 T cells"
"1118","CD8 T cells"
"1119","HEK cells"
"1120","HEK cells"
"1121","CD4 T cells"
"1122","HEK cells"
"1123","HEK cells"
"1124","HEK cells"
"1125","CD8 T cells"
"1126","CD8 T cells"
"1127","CD4 T cells"
"1128","CD8 T cells"
"1129","CD4 T cells"
"1130","CD4 T cells"
"1131","NK cells"
"1132","CD4 T cells"
"1133","CD4 T cells"
"1134","CD4 T cells"
"1135","CD4 T cells"
"1136","NK cells"
"1137","CD4 T cells"
"1138","B cells"
"1139","FCGR3A+ Monocytes"
"1140","CD8 T cells"
"1141","CD4 T cells"
"1142","CD4 T cells"
"1143","HEK cells"
"1144","CD4 T cells"
"1145","CD4 T cells"
"1146","B cells"
"1147","CD4 T cells"
"1148","CD8 T cells"
"1149","HEK cells"
"1150","NK cells"
"1151","NK cells"
"1152","CD4 T cells"
"1153","HEK cells"
"1154","B cells"
"1155","CD4 T cells"
"1156","CD8 T cells"
"1157","HEK cells"
"1158","CD4 T cells"
"1159","CD4 T cells"
"1160","HEK cells"
"1161","HEK cells"
"1162","HEK cells"
"1163","CD4 T cells"
"1164","CD4 T cells"
"1165","NK cells"
"1166","CD4 T cells"
"1167","HEK cells"
"1168","CD4 T cells"
"1169","HEK cells"
"1170","CD4 T cells"
"1171","CD4 T cells"
"1172","CD4 T cells"
"1173","CD8 T cells"
"1174","CD4 T cells"
"1175","HEK cells"
"1176","Megakaryocytes"
"1177","Dendritic cells"
"1178","CD4 T cells"
"1179","CD4 T cells"
"1180","CD4 T cells"
"1181","CD4 T cells"
"1182","CD4 T cells"
"1183","CD4 T cells"
"1184","CD4 T cells"
"1185","CD4 T cells"
"1186","HEK cells"
"1187","CD4 T cells"
"1188","CD4 T cells"
"1189","CD4 T cells"
"1190","CD4 T cells"
"1191","CD4 T cells"
"1192","CD4 T cells"
"1193","NK cells"
"1194","CD4 T cells"
"1195","Dendritic cells"
"1196","CD4 T cells"
"1197","CD4 T cells"
"1198","CD4 T cells"
"1199","CD8 T cells"
"1200","B cells"
"1201","CD4 T cells"
"1202","HEK cells"
"1203","HEK cells"
"1204","HEK cells"
"1205","CD4 T cells"
"1206","CD14+ Monocytes"
"1207","HEK cells"
"1208","HEK cells"
"1209","B cells"
"1210","CD4 T cells"
"1211","CD4 T cells"
"1212","HEK cells"
"1213","HEK cells"
"1214","FCGR3A+ Monocytes"
"1215","CD4 T cells"
"1216","HEK cells"
"1217","CD4 T cells"
"1218","NK cells"
"1219","CD4 T cells"
"1220","HEK cells"
"1221","CD4 T cells"
"1222","CD14+ Monocytes"
"1223","HEK cells"
"1224","HEK cells"
"1225","B cells"
"1226","NK cells"
"1227","NK cells"
"1228","CD4 T cells"
"1229","CD4 T cells"
"1230","CD4 T cells"
"1231","CD4 T cells"
"1232","CD4 T cells"
"1233","CD4 T cells"
"1234","CD4 T cells"
"1235","B cells"
"1236","CD8 T cells"
"1237","CD4 T cells"
"1238","FCGR3A+ Monocytes"
"1239","CD4 T cells"
"1240","HEK cells"
"1241","HEK cells"
"1242","CD4 T cells"
"1243","HEK cells"
"1244","HEK cells"
"1245","CD4 T cells"
"1246","CD8 T cells"
"1247","HEK cells"
"1248","CD4 T cells"
"1249","NK cells"
"1250","CD4 T cells"
"1251","HEK cells"
"1252","CD14+ Monocytes"
"1253","NK cells"
"1254","NK cells"
"1255","CD14+ Monocytes"
"1256","CD4 T cells"
"1257","CD4 T cells"
"1258","FCGR3A+ Monocytes"
"1259","NK cells"
"1260","CD14+ Monocytes"
"1261","CD4 T cells"
"1262","CD8 T cells"
"1263","CD4 T cells"
"1264","B cells"
"1265","CD4 T cells"
"1266","B cells"
"1267","CD4 T cells"
"1268","CD14+ Monocytes"
"1269","HEK cells"
"1270","NK cells"
"1271","CD14+ Monocytes"
"1272","CD4 T cells"
"1273","CD4 T cells"
"1274","CD4 T cells"
"1275","CD14+ Monocytes"
"1276","CD8 T cells"
"1277","CD4 T cells"
"1278","CD8 T cells"
"1279","CD4 T cells"
"1280","CD4 T cells"
"1281","CD8 T cells"
"1282","HEK cells"
"1283","CD4 T cells"
"1284","HEK cells"
"1285","HEK cells"
"1286","HEK cells"
"1287","HEK cells"
"1288","HEK cells"
"1289","HEK cells"
"1290","HEK cells"
"1291","FCGR3A+ Monocytes"
"1292","CD4 T cells"
"1293","CD4 T cells"
"1294","CD14+ Monocytes"
"1295","NK cells"
"1296","CD4 T cells"
"1297","CD4 T cells"
"1298","CD14+ Monocytes"
"1299","HEK cells"
"1300","CD4 T cells"
"1301","CD14+ Monocytes"
"1302","CD8 T cells"
"1303","HEK cells"
"1304","CD4 T cells"
"1305","FCGR3A+ Monocytes"
"1306","HEK cells"
"1307","HEK cells"
"1308","HEK cells"
"1309","CD4 T cells"
"1310","CD4 T cells"
"1311","NK cells"
"1312","CD4 T cells"
"1313","CD4 T cells"
"1314","NK cells"
"1315","NK cells"
"1316","HEK cells"
"1317","CD8 T cells"
"1318","CD8 T cells"
"1319","CD8 T cells"
"1320","HEK cells"
"1321","CD4 T cells"
"1322","CD14+ Monocytes"
"1323","CD4 T cells"
"1324","HEK cells"
"1325","CD4 T cells"
"1326","CD4 T cells"
"1327","HEK cells"
"1328","CD4 T cells"
"1329","CD8 T cells"
"1330","HEK cells"
"1331","CD4 T cells"
"1332","CD4 T cells"
"1333","CD14+ Monocytes"
"1334","CD4 T cells"
"1335","NK cells"
"1336","CD4 T cells"
"1337","CD4 T cells"
"1338","HEK cells"
"1339","HEK cells"
"1340","CD4 T cells"
"1341","HEK cells"
"1342","CD4 T cells"
"1343","CD14+ Monocytes"
"1344","CD4 T cells"
"1345","HEK cells"
"1346","CD4 T cells"
"1347","CD4 T cells"
"1348","CD4 T cells"
"1349","CD4 T cells"
"1350","NK cells"
"1351","NK cells"
"1352","NK cells"
"1353","CD14+ Monocytes"
"1354","NK cells"
"1355","CD8 T cells"
"1356","CD4 T cells"
"1357","CD4 T cells"
"1358","CD14+ Monocytes"
"1359","CD4 T cells"
"1360","CD4 T cells"
"1361","CD4 T cells"
"1362","CD8 T cells"
"1363","CD14+ Monocytes"
"1364","HEK cells"
"1365","HEK cells"
"1366","HEK cells"
"1367","HEK cells"
"1368","HEK cells"
"1369","CD4 T cells"
"1370","CD4 T cells"
"1371","CD4 T cells"
"1372","CD4 T cells"
"1373","CD8 T cells"
"1374","CD8 T cells"
"1375","CD14+ Monocytes"
"1376","HEK cells"
"1377","HEK cells"
"1378","HEK cells"
"1379","HEK cells"
"1380","HEK cells"
"1381","NK cells"
"1382","CD4 T cells"
"1383","HEK cells"
"1384","CD14+ Monocytes"
"1385","CD4 T cells"
"1386","NK cells"
"1387","CD4 T cells"
"1388","CD4 T cells"
"1389","HEK cells"
"1390","HEK cells"
"1391","CD8 T cells"
"1392","NK cells"
"1393","CD14+ Monocytes"
"1394","HEK cells"
"1395","CD4 T cells"
"1396","CD4 T cells"
"1397","NK cells"
"1398","HEK cells"
"1399","CD4 T cells"
"1400","CD14+ Monocytes"
"1401","HEK cells"
"1402","CD4 T cells"
"1403","CD4 T cells"
"1404","CD4 T cells"
"1405","CD8 T cells"
"1406","CD4 T cells"
"1407","Dendritic cells"
"1408","CD14+ Monocytes"
"1409","FCGR3A+ Monocytes"
"1410","CD8 T cells"
"1411","B cells"
"1412","CD8 T cells"
"1413","B cells"
"1414","CD4 T cells"
"1415","CD4 T cells"
"1416","CD4 T cells"
"1417","HEK cells"
"1418","B cells"
"1419","CD4 T cells"
"1420","CD4 T cells"
"1421","CD4 T cells"
"1422","CD8 T cells"
"1423","FCGR3A+ Monocytes"
"1424","HEK cells"
"1425","HEK cells"
"1426","CD4 T cells"
"1427","CD4 T cells"
"1428","CD4 T cells"
"1429","CD4 T cells"
"1430","CD14+ Monocytes"
"1431","CD4 T cells"
"1432","HEK cells"
"1433","B cells"
"1434","CD4 T cells"
"1435","B cells"
"1436","CD4 T cells"
"1437","CD4 T cells"
"1438","CD4 T cells"
"1439","NK cells"
"1440","CD8 T cells"
"1441","NK cells"
"1442","HEK cells"
"1443","HEK cells"
"1444","HEK cells"
"1445","HEK cells"
"1446","CD4 T cells"
"1447","CD4 T cells"
"1448","CD4 T cells"
"1449","HEK cells"
"1450","CD4 T cells"
"1451","B cells"
"1452","CD4 T cells"
"1453","HEK cells"
"1454","CD4 T cells"
"1455","HEK cells"
"1456","CD8 T cells"
"1457","HEK cells"
"1458","HEK cells"
"1459","HEK cells"
"1460","HEK cells"
"1461","CD4 T cells"
"1462","HEK cells"
"1463","CD4 T cells"
"1464","CD4 T cells"
"1465","Dendritic cells"
"1466","CD4 T cells"
"1467","CD4 T cells"
"1468","B cells"
"1469","HEK cells"
"1470","HEK cells"
"1471","HEK cells"
"1472","CD4 T cells"
"1473","CD4 T cells"
"1474","NK cells"
"1475","HEK cells"
"1476","NK cells"
"1477","CD14+ Monocytes"
"1478","B cells"
"1479","CD4 T cells"
"1480","CD4 T cells"
"1481","CD4 T cells"
"1482","B cells"
"1483","CD4 T cells"
"1484","CD4 T cells"
"1485","B cells"
"1486","HEK cells"
"1487","B cells"
"1488","NK cells"
"1489","CD4 T cells"
"1490","HEK cells"
"1491","HEK cells"
"1492","CD4 T cells"
"1493","CD4 T cells"
"1494","CD4 T cells"
"1495","FCGR3A+ Monocytes"
"1496","CD4 T cells"
"1497","CD4 T cells"
"1498","CD4 T cells"
"1499","HEK cells"
"1500","B cells"
"1501","CD4 T cells"
"1502","CD8 T cells"
"1503","HEK cells"
"1504","HEK cells"
"1505","CD4 T cells"
"1506","B cells"
"1507","NK cells"
"1508","CD4 T cells"
"1509","CD4 T cells"
"1510","CD4 T cells"
"1511","HEK cells"
"1512","CD4 T cells"
"1513","B cells"
"1514","B cells"
"1515","CD4 T cells"
"1516","CD4 T cells"
"1517","CD4 T cells"
"1518","CD4 T cells"
"1519","HEK cells"
"1520","CD4 T cells"
"1521","B cells"
"1522","HEK cells"
"1523","CD4 T cells"
"1524","HEK cells"
"1525","B cells"
"1526","NK cells"
"1527","CD8 T cells"
"1528","NK cells"
"1529","HEK cells"
"1530","CD4 T cells"
"1531","CD8 T cells"
"1532","CD4 T cells"
"1533","CD4 T cells"
"1534","CD14+ Monocytes"
"1535","CD8 T cells"
"1536","CD8 T cells"
"1537","CD4 T cells"
"1538","CD4 T cells"
"1539","HEK cells"
"1540","HEK cells"
"1541","CD4 T cells"
"1542","HEK cells"
"1543","CD8 T cells"
"1544","HEK cells"
"1545","HEK cells"
"1546","HEK cells"
"1547","HEK cells"
"1548","HEK cells"
"1549","HEK cells"
"1550","HEK cells"
"1551","HEK cells"
"1552","CD4 T cells"
"1553","CD4 T cells"
"1554","CD4 T cells"
"1555","HEK cells"
"1556","HEK cells"
"1557","HEK cells"
"1558","HEK cells"
"1559","HEK cells"
"1560","NK cells"
"1561","CD4 T cells"
"1562","CD4 T cells"
"1563","CD4 T cells"
"1564","NK cells"
"1565","CD4 T cells"
"1566","NK cells"
"1567","CD8 T cells"
"1568","HEK cells"
"1569","CD4 T cells"
"1570","FCGR3A+ Monocytes"
"1571","CD4 T cells"
"1572","CD4 T cells"
"1573","CD4 T cells"
"1574","HEK cells"
"1575","CD4 T cells"
"1576","CD4 T cells"
"1577","NK cells"
"1578","HEK cells"
"1579","FCGR3A+ Monocytes"
"1580","CD4 T cells"
"1581","B cells"
"1582","B cells"
"1583","CD8 T cells"
"1584","B cells"
"1585","HEK cells"
"1586","CD4 T cells"
"1587","HEK cells"
"1588","CD4 T cells"
"1589","CD4 T cells"
"1590","CD4 T cells"
"1591","HEK cells"
"1592","CD4 T cells"
"1593","NK cells"
"1594","HEK cells"
"1595","NK cells"
"1596","HEK cells"
"1597","CD4 T cells"
"1598","CD4 T cells"
"1599","HEK cells"
"1600","CD8 T cells"
"1601","CD8 T cells"
"1602","HEK cells"
"1603","HEK cells"
"1604","CD4 T cells"
"1605","CD4 T cells"
"1606","CD4 T cells"
"1607","HEK cells"
"1608","HEK cells"
"1609","NK cells"
"1610","CD4 T cells"
"1611","HEK cells"
"1612","CD8 T cells"
"1613","HEK cells"
"1614","B cells"
"1615","CD4 T cells"
"1616","CD8 T cells"
"1617","CD4 T cells"
"1618","CD4 T cells"
"1619","HEK cells"
"1620","CD14+ Monocytes"
"1621","HEK cells"
"1622","HEK cells"
"1623","CD4 T cells"
"1624","CD4 T cells"
"1625","CD4 T cells"
"1626","CD14+ Monocytes"
"1627","CD4 T cells"
"1628","CD4 T cells"
"1629","CD4 T cells"
"1630","CD4 T cells"
"1631","CD4 T cells"
"1632","B cells"
"1633","NK cells"
"1634","NK cells"
"1635","HEK cells"
"1636","NK cells"
"1637","HEK cells"
"1638","NK cells"
"1639","CD4 T cells"
"1640","HEK cells"
"1641","HEK cells"
"1642","HEK cells"
"1643","HEK cells"
"1644","CD4 T cells"
"1645","NK cells"
"1646","CD4 T cells"
"1647","CD4 T cells"
"1648","CD4 T cells"
"1649","CD4 T cells"
"1650","CD4 T cells"
"1651","CD4 T cells"
"1652","CD4 T cells"
"1653","CD8 T cells"
"1654","CD8 T cells"
"1655","CD14+ Monocytes"
"1656","CD4 T cells"
"1657","B cells"
"1658","HEK cells"
"1659","NK cells"
"1660","CD4 T cells"
"1661","CD8 T cells"
"1662","HEK cells"
"1663","CD4 T cells"
"1664","FCGR3A+ Monocytes"
"1665","CD4 T cells"
"1666","CD4 T cells"
"1667","B cells"
"1668","CD8 T cells"
"1669","B cells"
"1670","CD4 T cells"
"1671","NK cells"
"1672","CD4 T cells"
"1673","CD4 T cells"
"1674","CD8 T cells"
"1675","CD4 T cells"
"1676","CD4 T cells"
"1677","CD4 T cells"
"1678","Dendritic cells"
"1679","CD4 T cells"
"1680","CD8 T cells"
"1681","CD4 T cells"
"1682","CD4 T cells"
"1683","CD4 T cells"
"1684","HEK cells"
"1685","HEK cells"
"1686","FCGR3A+ Monocytes"
"1687","CD4 T cells"
"1688","B cells"
"1689","CD8 T cells"
"1690","CD4 T cells"
"1691","CD4 T cells"
"1692","B cells"
"1693","CD4 T cells"
"1694","CD4 T cells"
"1695","CD4 T cells"
"1696","CD4 T cells"
"1697","NK cells"
"1698","CD4 T cells"
"1699","CD4 T cells"
"1700","CD4 T cells"
"1701","B cells"
"1702","HEK cells"
"1703","CD4 T cells"
"1704","CD4 T cells"
"1705","CD4 T cells"
"1706","CD4 T cells"
"1707","CD4 T cells"
"1708","CD4 T cells"
"1709","NK cells"
"1710","CD4 T cells"
"1711","B cells"
"1712","B cells"
"1713","CD4 T cells"
"1714","CD4 T cells"
"1715","CD4 T cells"
"1716","B cells"
"1717","CD4 T cells"
"1718","CD4 T cells"
"1719","CD4 T cells"
"1720","NK cells"
"1721","HEK cells"
"1722","HEK cells"
"1723","CD4 T cells"
"1724","CD4 T cells"
"1725","B cells"
"1726","NK cells"
"1727","CD4 T cells"
"1728","HEK cells"
"1729","CD4 T cells"
"1730","HEK cells"
"1731","B cells"
"1732","CD4 T cells"
"1733","B cells"
"1734","CD4 T cells"
"1735","CD8 T cells"
"1736","CD4 T cells"
"1737","CD4 T cells"
"1738","CD4 T cells"
"1739","CD4 T cells"
"1740","CD4 T cells"
"1741","CD4 T cells"
"1742","HEK cells"
"1743","CD4 T cells"
"1744","CD8 T cells"
"1745","CD4 T cells"
"1746","B cells"
"1747","CD4 T cells"
"1748","CD4 T cells"
"1749","CD4 T cells"
"1750","HEK cells"
"1751","CD4 T cells"
"1752","CD8 T cells"
"1753","CD4 T cells"
"1754","CD4 T cells"
"1755","CD4 T cells"
"1756","CD4 T cells"
"1757","NK cells"
"1758","CD4 T cells"
"1759","B cells"
"1760","CD4 T cells"
"1761","CD4 T cells"
"1762","CD4 T cells"
"1763","CD4 T cells"
"1764","HEK cells"
"1765","HEK cells"
"1766","HEK cells"
"1767","HEK cells"
"1768","CD4 T cells"
"1769","CD4 T cells"
"1770","CD4 T cells"
"1771","CD4 T cells"
"1772","CD8 T cells"
"1773","FCGR3A+ Monocytes"
"1774","CD8 T cells"
"1775","CD14+ Monocytes"
"1776","HEK cells"
"1777","B cells"
"1778","CD8 T cells"
"1779","HEK cells"
"1780","HEK cells"
"1781","HEK cells"
"1782","CD4 T cells"
"1783","CD4 T cells"
"1784","CD8 T cells"
"1785","NK cells"
"1786","B cells"
"1787","CD4 T cells"
"1788","B cells"
"1789","CD8 T cells"
"1790","B cells"
"1791","NK cells"
"1792","CD4 T cells"
"1793","CD4 T cells"
"1794","CD4 T cells"
"1795","B cells"
"1796","CD4 T cells"
"1797","FCGR3A+ Monocytes"
"1798","CD8 T cells"
"1799","HEK cells"
"1800","B cells"
"1801","HEK cells"
"1802","NK cells"
"1803","HEK cells"
"1804","B cells"
"1805","CD4 T cells"
"1806","HEK cells"
"1807","HEK cells"
"1808","CD8 T cells"
"1809","CD4 T cells"
"1810","HEK cells"
"1811","CD4 T cells"
"1812","CD4 T cells"
"1813","CD4 T cells"
"1814","HEK cells"
"1815","CD4 T cells"
"1816","CD4 T cells"
"1817","CD4 T cells"
"1818","CD4 T cells"
"1819","CD4 T cells"
"1820","HEK cells"
"1821","HEK cells"
"1822","HEK cells"
"1823","HEK cells"
"1824","HEK cells"
"1825","HEK cells"
"1826","NK cells"
"1827","NK cells"
"1828","B cells"
"1829","HEK cells"
"1830","HEK cells"
"1831","CD4 T cells"
"1832","CD4 T cells"
"1833","CD4 T cells"
"1834","CD4 T cells"
"1835","HEK cells"
"1836","HEK cells"
"1837","HEK cells"
"1838","CD8 T cells"
"1839","CD4 T cells"
"1840","FCGR3A+ Monocytes"
"1841","CD4 T cells"
"1842","HEK cells"
"1843","CD8 T cells"
"1844","CD4 T cells"
"1845","NK cells"
"1846","CD4 T cells"
"1847","CD4 T cells"
"1848","CD4 T cells"
"1849","CD4 T cells"
"1850","HEK cells"
"1851","HEK cells"
"1852","CD8 T cells"
"1853","NK cells"
"1854","CD4 T cells"
"1855","B cells"
"1856","HEK cells"
"1857","NK cells"
"1858","CD4 T cells"
"1859","CD4 T cells"
"1860","CD4 T cells"
"1861","CD4 T cells"
"1862","CD4 T cells"
"1863","B cells"
"1864","HEK cells"
"1865","HEK cells"
"1866","HEK cells"
"1867","CD4 T cells"
"1868","CD4 T cells"
"1869","HEK cells"
"1870","CD4 T cells"
"1871","CD4 T cells"
"1872","B cells"
"1873","HEK cells"
"1874","HEK cells"
"1875","HEK cells"
"1876","HEK cells"
"1877","HEK cells"
"1878","HEK cells"
"1879","HEK cells"
"1880","CD8 T cells"
"1881","HEK cells"
"1882","CD4 T cells"
"1883","CD8 T cells"
"1884","FCGR3A+ Monocytes"
"1885","NK cells"
"1886","CD4 T cells"
"1887","CD4 T cells"
"1888","FCGR3A+ Monocytes"
"1889","CD8 T cells"
"1890","CD4 T cells"
"1891","HEK cells"
"1892","CD4 T cells"
"1893","HEK cells"
"1894","CD4 T cells"
"1895","CD4 T cells"
"1896","CD8 T cells"
"1897","CD8 T cells"
"1898","B cells"
"1899","B cells"
"1900","HEK cells"
"1901","CD4 T cells"
"1902","CD4 T cells"
"1903","CD8 T cells"
"1904","HEK cells"
"1905","B cells"
"1906","CD4 T cells"
"1907","B cells"
"1908","HEK cells"
"1909","HEK cells"
"1910","HEK cells"
"1911","HEK cells"
"1912","HEK cells"
"1913","HEK cells"
"1914","CD4 T cells"
"1915","CD4 T cells"
"1916","FCGR3A+ Monocytes"
"1917","CD4 T cells"
"1918","FCGR3A+ Monocytes"
"1919","B cells"
"1920","CD8 T cells"
"1921","CD4 T cells"
"1922","CD4 T cells"
"1923","CD4 T cells"
"1924","CD4 T cells"
"1925","HEK cells"
"1926","HEK cells"
"1927","HEK cells"
"1928","B cells"
"1929","CD4 T cells"
"1930","HEK cells"
"1931","HEK cells"
"1932","NK cells"
"1933","NK cells"
"1934","NK cells"
"1935","HEK cells"
"1936","CD4 T cells"
"1937","CD4 T cells"
"1938","CD4 T cells"
"1939","HEK cells"
"1940","NK cells"
"1941","CD4 T cells"
"1942","HEK cells"
"1943","HEK cells"
"1944","HEK cells"
"1945","HEK cells"
"1946","HEK cells"
"1947","HEK cells"
"1948","HEK cells"
"1949","HEK cells"
"1950","NK cells"
"1951","CD4 T cells"
"1952","CD4 T cells"
"1953","NK cells"
"1954","HEK cells"
"1955","HEK cells"
"1956","CD4 T cells"
"1957","CD4 T cells"
"1958","NK cells"
"1959","CD4 T cells"
"1960","CD4 T cells"
"1961","CD4 T cells"
"1962","CD4 T cells"
"1963","CD4 T cells"
"1964","HEK cells"
"1965","CD14+ Monocytes"
"1966","B cells"
"1967","CD4 T cells"
"1968","CD8 T cells"
"1969","CD14+ Monocytes"
"1970","HEK cells"
"1971","NK cells"
"1972","CD8 T cells"
"1973","B cells"
"1974","B cells"
"1975","HEK cells"
"1976","NK cells"
"1977","CD4 T cells"
"1978","CD4 T cells"
"1979","CD4 T cells"
"1980","CD4 T cells"
"1981","CD4 T cells"
"1982","FCGR3A+ Monocytes"
"1983","HEK cells"
"1984","CD4 T cells"
"1985","HEK cells"
"1986","NK cells"
"1987","CD4 T cells"
"1988","HEK cells"
"1989","CD4 T cells"
"1990","NK cells"
"1991","CD4 T cells"
"1992","FCGR3A+ Monocytes"
"1993","CD4 T cells"
"1994","CD8 T cells"
"1995","CD4 T cells"
"1996","CD4 T cells"
"1997","CD4 T cells"
"1998","FCGR3A+ Monocytes"
"1999","HEK cells"
"2000","B cells"
"2001","CD4 T cells"
"2002","CD8 T cells"
"2003","HEK cells"
"2004","HEK cells"
"2005","B cells"
"2006","CD4 T cells"
"2007","HEK cells"
"2008","HEK cells"
"2009","HEK cells"
"2010","HEK cells"
"2011","CD4 T cells"
"2012","CD4 T cells"
"2013","CD8 T cells"
"2014","CD4 T cells"
"2015","CD14+ Monocytes"
"2016","CD4 T cells"
"2017","CD4 T cells"
"2018","CD4 T cells"
"2019","B cells"
"2020","HEK cells"
"2021","NK cells"
"2022","CD4 T cells"
"2023","CD4 T cells"
"2024","CD14+ Monocytes"
"2025","CD4 T cells"
"2026","CD4 T cells"
"2027","CD4 T cells"
"2028","FCGR3A+ Monocytes"
"2029","CD4 T cells"
"2030","HEK cells"
"2031","HEK cells"
"2032","B cells"
"2033","CD4 T cells"
"2034","NK cells"
"2035","HEK cells"
"2036","FCGR3A+ Monocytes"
"2037","HEK cells"
"2038","CD4 T cells"
"2039","CD4 T cells"
"2040","HEK cells"
"2041","CD4 T cells"
"2042","CD4 T cells"
"2043","CD8 T cells"
"2044","HEK cells"
"2045","B cells"
"2046","B cells"
"2047","HEK cells"
"2048","B cells"
"2049","NK cells"
"2050","NK cells"
"2051","CD4 T cells"
"2052","B cells"
"2053","CD4 T cells"
"2054","CD4 T cells"
"2055","CD8 T cells"
"2056","CD4 T cells"
"2057","CD4 T cells"
"2058","NK cells"
"2059","CD4 T cells"
"2060","CD4 T cells"
"2061","B cells"
"2062","CD4 T cells"
"2063","CD4 T cells"
"2064","B cells"
"2065","CD8 T cells"
"2066","CD4 T cells"
"2067","HEK cells"
"2068","CD4 T cells"
"2069","CD4 T cells"
"2070","CD14+ Monocytes"
"2071","B cells"
"2072","CD4 T cells"
"2073","CD4 T cells"
"2074","CD8 T cells"
"2075","CD4 T cells"
"2076","CD4 T cells"
"2077","HEK cells"
"2078","CD4 T cells"
"2079","NK cells"
"2080","NK cells"
"2081","CD4 T cells"
"2082","B cells"
"2083","CD4 T cells"
"2084","HEK cells"
"2085","HEK cells"
"2086","HEK cells"
"2087","HEK cells"
"2088","CD8 T cells"
"2089","FCGR3A+ Monocytes"
"2090","FCGR3A+ Monocytes"
"2091","CD4 T cells"
"2092","Dendritic cells"
"2093","CD4 T cells"
"2094","CD8 T cells"
"2095","CD4 T cells"
"2096","B cells"
"2097","CD4 T cells"
"2098","NK cells"
"2099","NK cells"
"2100","CD4 T cells"
"2101","CD4 T cells"
"2102","B cells"
"2103","B cells"
"2104","CD4 T cells"
"2105","B cells"
"2106","CD4 T cells"
"2107","NK cells"
"2108","CD4 T cells"
"2109","CD4 T cells"
"2110","FCGR3A+ Monocytes"
"2111","FCGR3A+ Monocytes"
"2112","CD4 T cells"
"2113","CD4 T cells"
"2114","NK cells"
"2115","CD14+ Monocytes"
"2116","HEK cells"
"2117","CD8 T cells"
"2118","CD8 T cells"
"2119","CD8 T cells"
"2120","NK cells"
"2121","CD8 T cells"
"2122","CD4 T cells"
"2123","CD4 T cells"
"2124","CD8 T cells"
"2125","CD4 T cells"
"2126","B cells"
"2127","B cells"
"2128","CD4 T cells"
"2129","CD4 T cells"
"2130","CD4 T cells"
"2131","FCGR3A+ Monocytes"
"2132","CD4 T cells"
"2133","B cells"
"2134","CD4 T cells"
"2135","CD4 T cells"
"2136","CD14+ Monocytes"
"2137","CD4 T cells"
"2138","CD4 T cells"
"2139","HEK cells"
"2140","CD4 T cells"
"2141","CD8 T cells"
"2142","CD4 T cells"
"2143","FCGR3A+ Monocytes"
"2144","CD4 T cells"
"2145","HEK cells"
"2146","NK cells"
"2147","NK cells"
"2148","CD4 T cells"
"2149","CD4 T cells"
"2150","CD4 T cells"
"2151","CD4 T cells"
"2152","CD4 T cells"
"2153","CD4 T cells"
"2154","NK cells"
"2155","CD4 T cells"
"2156","CD4 T cells"
"2157","CD8 T cells"
"2158","HEK cells"
"2159","HEK cells"
"2160","B cells"
"2161","NK cells"
"2162","B cells"
"2163","CD4 T cells"
"2164","HEK cells"
"2165","NK cells"
"2166","HEK cells"
"2167","CD4 T cells"
"2168","CD8 T cells"
"2169","CD4 T cells"
"2170","CD4 T cells"
"2171","CD4 T cells"
"2172","CD4 T cells"
"2173","CD8 T cells"
"2174","CD8 T cells"
"2175","CD4 T cells"
"2176","CD14+ Monocytes"
"2177","HEK cells"
"2178","CD4 T cells"
"2179","CD4 T cells"
"2180","CD14+ Monocytes"
"2181","NK cells"
"2182","CD8 T cells"
"2183","CD8 T cells"
"2184","CD4 T cells"
"2185","CD8 T cells"
"2186","NK cells"
"2187","CD8 T cells"
"2188","NK cells"
"2189","Dendritic cells"
"2190","CD4 T cells"
"2191","NK cells"
"2192","CD4 T cells"
"2193","CD4 T cells"
"2194","HEK cells"
"2195","HEK cells"
"2196","NK cells"
"2197","CD4 T cells"
"2198","CD4 T cells"
"2199","CD4 T cells"
"2200","CD14+ Monocytes"
"2201","HEK cells"
"2202","HEK cells"
"2203","B cells"
"2204","B cells"
"2205","CD4 T cells"
"2206","CD4 T cells"
"2207","CD4 T cells"
"2208","CD4 T cells"
"2209","CD8 T cells"
"2210","CD8 T cells"
"2211","CD4 T cells"
"2212","HEK cells"
"2213","CD4 T cells"
"2214","NK cells"
"2215","CD4 T cells"
"2216","NK cells"
"2217","CD4 T cells"
"2218","CD8 T cells"
"2219","CD8 T cells"
"2220","CD4 T cells"
"2221","CD4 T cells"
"2222","CD4 T cells"
"2223","CD4 T cells"
"2224","CD4 T cells"
"2225","CD4 T cells"
"2226","HEK cells"
"2227","HEK cells"
"2228","CD4 T cells"
"2229","CD8 T cells"
"2230","CD8 T cells"
"2231","B cells"
"2232","CD4 T cells"
"2233","CD4 T cells"
"2234","CD4 T cells"
"2235","CD4 T cells"
"2236","B cells"
"2237","CD4 T cells"
"2238","NK cells"
"2239","CD4 T cells"
"2240","HEK cells"
"2241","CD4 T cells"
"2242","HEK cells"
"2243","FCGR3A+ Monocytes"
"2244","CD4 T cells"
"2245","CD4 T cells"
"2246","CD4 T cells"
"2247","HEK cells"
"2248","HEK cells"
"2249","HEK cells"
"2250","HEK cells"
"2251","CD4 T cells"
"2252","CD4 T cells"
"2253","CD4 T cells"
"2254","NK cells"
"2255","CD4 T cells"
"2256","HEK cells"
"2257","FCGR3A+ Monocytes"
"2258","CD8 T cells"
"2259","CD4 T cells"
"2260","CD4 T cells"
"2261","CD4 T cells"
