"","x"
"1","CD4 T cells"
"2","CD14+ Monocytes"
"3","HEK cells"
"4","HEK cells"
"5","CD4 T cells"
"6","HEK cells"
"7","CD4 T cells"
"8","CD4 T cells"
"9","CD4 T cells"
"10","CD4 T cells"
"11","CD14+ Monocytes"
"12","B cells"
"13","CD14+ Monocytes"
"14","CD14+ Monocytes"
"15","NK cells"
"16","CD4 T cells"
"17","CD4 T cells"
"18","NK cells"
"19","CD14+ Monocytes"
"20","CD14+ Monocytes"
"21","CD4 T cells"
"22","CD4 T cells"
"23","HEK cells"
"24","CD14+ Monocytes"
"25","CD4 T cells"
"26","CD4 T cells"
"27","CD4 T cells"
"28","CD4 T cells"
"29","CD14+ Monocytes"
"30","CD8 T cells"
"31","CD14+ Monocytes"
"32","CD14+ Monocytes"
"33","CD8 T cells"
"34","CD4 T cells"
"35","CD14+ Monocytes"
"36","B cells"
"37","CD8 T cells"
"38","CD8 T cells"
"39","CD8 T cells"
"40","B cells"
"41","CD4 T cells"
"42","NK cells"
"43","CD4 T cells"
"44","NK cells"
"45","CD8 T cells"
"46","HEK cells"
"47","HEK cells"
"48","HEK cells"
"49","HEK cells"
"50","B cells"
"51","HEK cells"
"52","CD4 T cells"
"53","CD4 T cells"
"54","FCGR3A+ Monocytes"
"55","CD4 T cells"
"56","CD4 T cells"
"57","CD14+ Monocytes"
"58","CD4 T cells"
"59","CD4 T cells"
"60","CD4 T cells"
"61","CD8 T cells"
"62","HEK cells"
"63","CD4 T cells"
"64","CD8 T cells"
"65","CD14+ Monocytes"
"66","Dendritic cells"
"67","CD4 T cells"
"68","CD4 T cells"
"69","CD8 T cells"
"70","NK cells"
"71","NK cells"
"72","CD4 T cells"
"73","HEK cells"
"74","CD8 T cells"
"75","B cells"
"76","CD4 T cells"
"77","B cells"
"78","CD4 T cells"
"79","CD4 T cells"
"80","CD4 T cells"
"81","CD4 T cells"
"82","CD4 T cells"
"83","FCGR3A+ Monocytes"
"84","CD4 T cells"
"85","CD8 T cells"
"86","CD4 T cells"
"87","CD4 T cells"
"88","CD4 T cells"
"89","B cells"
"90","CD14+ Monocytes"
"91","B cells"
"92","CD14+ Monocytes"
"93","HEK cells"
"94","B cells"
"95","CD14+ Monocytes"
"96","CD14+ Monocytes"
"97","CD4 T cells"
"98","CD14+ Monocytes"
"99","CD4 T cells"
"100","NK cells"
"101","CD4 T cells"
"102","CD4 T cells"
"103","CD4 T cells"
"104","CD14+ Monocytes"
"105","B cells"
"106","CD4 T cells"
"107","CD4 T cells"
"108","CD8 T cells"
"109","CD4 T cells"
"110","HEK cells"
"111","HEK cells"
"112","HEK cells"
"113","CD4 T cells"
"114","CD14+ Monocytes"
"115","CD4 T cells"
"116","NK cells"
"117","CD4 T cells"
"118","HEK cells"
"119","B cells"
"120","FCGR3A+ Monocytes"
"121","HEK cells"
"122","CD4 T cells"
"123","CD8 T cells"
"124","CD14+ Monocytes"
"125","CD14+ Monocytes"
"126","CD4 T cells"
"127","CD14+ Monocytes"
"128","HEK cells"
"129","CD4 T cells"
"130","CD14+ Monocytes"
"131","CD4 T cells"
"132","CD4 T cells"
"133","CD14+ Monocytes"
"134","CD4 T cells"
"135","CD14+ Monocytes"
"136","CD4 T cells"
"137","CD14+ Monocytes"
"138","CD4 T cells"
"139","CD14+ Monocytes"
"140","CD8 T cells"
"141","CD14+ Monocytes"
"142","CD14+ Monocytes"
"143","CD4 T cells"
"144","CD14+ Monocytes"
"145","CD4 T cells"
"146","CD4 T cells"
"147","CD14+ Monocytes"
"148","Dendritic cells"
"149","CD14+ Monocytes"
"150","CD14+ Monocytes"
"151","CD14+ Monocytes"
"152","FCGR3A+ Monocytes"
"153","CD4 T cells"
"154","FCGR3A+ Monocytes"
"155","CD4 T cells"
"156","NK cells"
"157","B cells"
"158","CD14+ Monocytes"
"159","CD14+ Monocytes"
"160","HEK cells"
"161","CD14+ Monocytes"
"162","CD4 T cells"
"163","CD14+ Monocytes"
"164","CD8 T cells"
"165","CD14+ Monocytes"
"166","CD14+ Monocytes"
"167","CD14+ Monocytes"
"168","CD14+ Monocytes"
"169","CD4 T cells"
"170","CD4 T cells"
"171","CD14+ Monocytes"
"172","NK cells"
"173","CD14+ Monocytes"
"174","CD14+ Monocytes"
"175","CD14+ Monocytes"
"176","CD4 T cells"
"177","CD4 T cells"
"178","HEK cells"
"179","B cells"
"180","CD14+ Monocytes"
"181","CD4 T cells"
"182","CD14+ Monocytes"
"183","CD14+ Monocytes"
"184","NK cells"
"185","CD14+ Monocytes"
"186","CD4 T cells"
"187","CD14+ Monocytes"
"188","CD14+ Monocytes"
"189","CD8 T cells"
"190","CD4 T cells"
"191","CD4 T cells"
"192","CD8 T cells"
"193","Dendritic cells"
"194","CD14+ Monocytes"
"195","CD14+ Monocytes"
"196","Dendritic cells"
"197","CD4 T cells"
"198","CD8 T cells"
"199","CD4 T cells"
"200","CD4 T cells"
"201","FCGR3A+ Monocytes"
"202","CD14+ Monocytes"
"203","NK cells"
"204","CD14+ Monocytes"
"205","B cells"
"206","CD14+ Monocytes"
"207","CD8 T cells"
"208","CD14+ Monocytes"
"209","CD4 T cells"
"210","CD4 T cells"
"211","HEK cells"
"212","CD14+ Monocytes"
"213","HEK cells"
"214","B cells"
"215","CD14+ Monocytes"
"216","HEK cells"
"217","HEK cells"
"218","HEK cells"
"219","HEK cells"
"220","NK cells"
"221","CD4 T cells"
"222","CD4 T cells"
"223","CD4 T cells"
"224","B cells"
"225","CD14+ Monocytes"
"226","CD4 T cells"
"227","CD4 T cells"
"228","CD14+ Monocytes"
"229","CD14+ Monocytes"
"230","CD14+ Monocytes"
"231","CD14+ Monocytes"
"232","CD14+ Monocytes"
"233","CD14+ Monocytes"
"234","CD8 T cells"
"235","CD8 T cells"
"236","CD4 T cells"
"237","CD14+ Monocytes"
"238","CD14+ Monocytes"
"239","HEK cells"
"240","CD4 T cells"
"241","CD4 T cells"
"242","CD4 T cells"
"243","CD8 T cells"
"244","CD4 T cells"
"245","CD8 T cells"
"246","CD14+ Monocytes"
"247","CD14+ Monocytes"
"248","HEK cells"
"249","CD4 T cells"
"250","HEK cells"
"251","CD4 T cells"
"252","CD4 T cells"
"253","CD4 T cells"
"254","CD14+ Monocytes"
"255","NK cells"
"256","CD4 T cells"
"257","HEK cells"
"258","CD14+ Monocytes"
"259","CD14+ Monocytes"
"260","CD4 T cells"
"261","HEK cells"
"262","CD4 T cells"
"263","CD14+ Monocytes"
"264","B cells"
"265","HEK cells"
"266","HEK cells"
"267","HEK cells"
"268","B cells"
"269","CD4 T cells"
"270","CD4 T cells"
"271","CD4 T cells"
"272","CD4 T cells"
"273","CD14+ Monocytes"
"274","CD4 T cells"
"275","B cells"
"276","CD8 T cells"
"277","CD14+ Monocytes"
"278","CD14+ Monocytes"
"279","HEK cells"
"280","CD14+ Monocytes"
"281","HEK cells"
"282","B cells"
"283","CD4 T cells"
"284","CD14+ Monocytes"
"285","NK cells"
"286","B cells"
"287","HEK cells"
"288","CD4 T cells"
"289","CD4 T cells"
"290","CD8 T cells"
"291","CD14+ Monocytes"
"292","CD4 T cells"
"293","HEK cells"
"294","FCGR3A+ Monocytes"
"295","CD4 T cells"
"296","CD4 T cells"
"297","CD4 T cells"
"298","CD8 T cells"
"299","CD4 T cells"
"300","CD4 T cells"
"301","HEK cells"
"302","CD4 T cells"
"303","CD8 T cells"
"304","CD8 T cells"
"305","CD4 T cells"
"306","CD4 T cells"
"307","CD4 T cells"
"308","CD4 T cells"
"309","CD14+ Monocytes"
"310","CD8 T cells"
"311","FCGR3A+ Monocytes"
"312","B cells"
"313","B cells"
"314","CD4 T cells"
"315","HEK cells"
"316","CD4 T cells"
"317","CD14+ Monocytes"
"318","CD4 T cells"
"319","CD14+ Monocytes"
"320","HEK cells"
"321","CD14+ Monocytes"
"322","HEK cells"
"323","CD8 T cells"
"324","CD8 T cells"
"325","CD4 T cells"
"326","HEK cells"
"327","CD8 T cells"
"328","CD4 T cells"
"329","CD14+ Monocytes"
"330","B cells"
"331","CD4 T cells"
"332","CD14+ Monocytes"
"333","B cells"
"334","B cells"
"335","Megakaryocytes"
"336","NK cells"
"337","CD4 T cells"
"338","CD8 T cells"
"339","CD4 T cells"
"340","CD4 T cells"
"341","CD4 T cells"
"342","CD8 T cells"
"343","CD4 T cells"
"344","CD4 T cells"
"345","CD14+ Monocytes"
"346","CD14+ Monocytes"
"347","HEK cells"
"348","CD4 T cells"
"349","CD14+ Monocytes"
"350","CD14+ Monocytes"
"351","CD4 T cells"
"352","B cells"
"353","B cells"
"354","CD4 T cells"
"355","CD4 T cells"
"356","CD4 T cells"
"357","B cells"
"358","CD8 T cells"
"359","CD4 T cells"
"360","CD8 T cells"
"361","CD4 T cells"
"362","CD8 T cells"
"363","CD4 T cells"
"364","CD14+ Monocytes"
"365","CD4 T cells"
"366","CD4 T cells"
"367","CD4 T cells"
"368","CD14+ Monocytes"
"369","CD4 T cells"
"370","CD14+ Monocytes"
"371","CD4 T cells"
"372","CD4 T cells"
"373","NK cells"
"374","CD4 T cells"
"375","CD4 T cells"
"376","CD14+ Monocytes"
"377","CD14+ Monocytes"
"378","CD8 T cells"
"379","CD14+ Monocytes"
"380","B cells"
"381","CD14+ Monocytes"
"382","B cells"
"383","CD4 T cells"
"384","HEK cells"
"385","CD4 T cells"
"386","HEK cells"
"387","NK cells"
"388","CD4 T cells"
"389","CD14+ Monocytes"
"390","HEK cells"
"391","HEK cells"
"392","CD14+ Monocytes"
"393","CD14+ Monocytes"
"394","CD4 T cells"
"395","HEK cells"
"396","CD4 T cells"
"397","FCGR3A+ Monocytes"
"398","CD4 T cells"
"399","CD14+ Monocytes"
"400","B cells"
"401","NK cells"
"402","HEK cells"
"403","HEK cells"
"404","CD14+ Monocytes"
"405","CD4 T cells"
"406","CD4 T cells"
"407","CD4 T cells"
"408","CD14+ Monocytes"
"409","CD4 T cells"
"410","CD4 T cells"
"411","CD14+ Monocytes"
"412","HEK cells"
"413","CD4 T cells"
"414","CD4 T cells"
"415","CD14+ Monocytes"
"416","HEK cells"
"417","CD4 T cells"
"418","CD8 T cells"
"419","CD4 T cells"
"420","CD4 T cells"
"421","NK cells"
"422","CD4 T cells"
"423","B cells"
"424","CD14+ Monocytes"
"425","CD8 T cells"
"426","CD4 T cells"
"427","CD14+ Monocytes"
"428","CD4 T cells"
"429","HEK cells"
"430","CD4 T cells"
"431","CD8 T cells"
"432","CD14+ Monocytes"
"433","CD8 T cells"
"434","B cells"
"435","CD14+ Monocytes"
"436","HEK cells"
"437","CD14+ Monocytes"
"438","HEK cells"
"439","NK cells"
"440","HEK cells"
"441","CD8 T cells"
"442","CD14+ Monocytes"
"443","CD4 T cells"
"444","FCGR3A+ Monocytes"
"445","HEK cells"
"446","HEK cells"
"447","HEK cells"
"448","B cells"
"449","B cells"
"450","CD14+ Monocytes"
"451","CD8 T cells"
"452","CD14+ Monocytes"
"453","CD14+ Monocytes"
"454","CD14+ Monocytes"
"455","CD14+ Monocytes"
"456","CD14+ Monocytes"
"457","FCGR3A+ Monocytes"
"458","FCGR3A+ Monocytes"
"459","CD4 T cells"
"460","CD4 T cells"
"461","CD4 T cells"
"462","HEK cells"
"463","CD4 T cells"
"464","B cells"
"465","NK cells"
"466","CD14+ Monocytes"
"467","CD4 T cells"
"468","HEK cells"
"469","HEK cells"
"470","CD14+ Monocytes"
"471","CD4 T cells"
"472","CD14+ Monocytes"
"473","NK cells"
"474","Dendritic cells"
"475","B cells"
"476","CD4 T cells"
"477","CD4 T cells"
"478","CD4 T cells"
"479","CD4 T cells"
"480","CD14+ Monocytes"
"481","CD14+ Monocytes"
"482","CD8 T cells"
"483","CD4 T cells"
"484","CD4 T cells"
"485","CD4 T cells"
"486","Dendritic cells"
"487","CD8 T cells"
"488","CD14+ Monocytes"
"489","CD4 T cells"
"490","CD4 T cells"
"491","B cells"
"492","B cells"
"493","CD4 T cells"
"494","CD4 T cells"
"495","CD8 T cells"
"496","CD4 T cells"
"497","B cells"
"498","CD4 T cells"
"499","CD4 T cells"
"500","HEK cells"
"501","CD14+ Monocytes"
"502","CD4 T cells"
"503","CD4 T cells"
"504","FCGR3A+ Monocytes"
"505","CD4 T cells"
"506","CD4 T cells"
"507","CD14+ Monocytes"
"508","CD4 T cells"
"509","CD4 T cells"
"510","CD14+ Monocytes"
"511","CD14+ Monocytes"
"512","HEK cells"
"513","CD14+ Monocytes"
"514","B cells"
"515","CD4 T cells"
"516","CD8 T cells"
"517","CD4 T cells"
"518","CD4 T cells"
"519","HEK cells"
"520","HEK cells"
"521","CD14+ Monocytes"
"522","HEK cells"
"523","CD14+ Monocytes"
"524","CD4 T cells"
"525","CD14+ Monocytes"
"526","CD14+ Monocytes"
"527","CD14+ Monocytes"
"528","CD4 T cells"
"529","CD14+ Monocytes"
"530","CD14+ Monocytes"
"531","HEK cells"
"532","CD4 T cells"
"533","CD4 T cells"
"534","CD14+ Monocytes"
"535","CD4 T cells"
"536","CD8 T cells"
"537","B cells"
"538","NK cells"
"539","CD4 T cells"
"540","HEK cells"
"541","CD14+ Monocytes"
"542","CD8 T cells"
"543","CD4 T cells"
"544","CD8 T cells"
"545","HEK cells"
"546","CD8 T cells"
"547","B cells"
"548","CD4 T cells"
"549","CD4 T cells"
"550","CD8 T cells"
"551","HEK cells"
"552","CD14+ Monocytes"
"553","CD4 T cells"
"554","CD4 T cells"
"555","CD14+ Monocytes"
"556","CD4 T cells"
"557","CD4 T cells"
"558","FCGR3A+ Monocytes"
"559","CD14+ Monocytes"
"560","B cells"
"561","HEK cells"
"562","CD14+ Monocytes"
"563","HEK cells"
"564","HEK cells"
"565","CD8 T cells"
"566","HEK cells"
"567","HEK cells"
"568","CD14+ Monocytes"
"569","CD14+ Monocytes"
"570","CD14+ Monocytes"
"571","NK cells"
"572","CD4 T cells"
"573","CD4 T cells"
"574","NK cells"
"575","CD4 T cells"
"576","CD8 T cells"
"577","CD4 T cells"
"578","CD4 T cells"
"579","NK cells"
"580","CD4 T cells"
"581","CD4 T cells"
"582","CD4 T cells"
"583","HEK cells"
"584","CD4 T cells"
"585","CD4 T cells"
"586","CD4 T cells"
"587","CD14+ Monocytes"
"588","CD14+ Monocytes"
"589","FCGR3A+ Monocytes"
"590","FCGR3A+ Monocytes"
"591","HEK cells"
"592","CD14+ Monocytes"
"593","FCGR3A+ Monocytes"
"594","B cells"
"595","FCGR3A+ Monocytes"
"596","CD14+ Monocytes"
"597","CD4 T cells"
"598","FCGR3A+ Monocytes"
"599","CD14+ Monocytes"
"600","CD4 T cells"
"601","CD8 T cells"
"602","CD8 T cells"
"603","CD4 T cells"
"604","HEK cells"
"605","CD14+ Monocytes"
"606","FCGR3A+ Monocytes"
"607","CD8 T cells"
"608","CD14+ Monocytes"
"609","CD4 T cells"
"610","CD14+ Monocytes"
"611","CD8 T cells"
"612","CD4 T cells"
"613","NK cells"
"614","CD4 T cells"
"615","CD14+ Monocytes"
"616","CD14+ Monocytes"
"617","CD8 T cells"
"618","CD14+ Monocytes"
"619","HEK cells"
"620","CD4 T cells"
"621","CD14+ Monocytes"
"622","HEK cells"
"623","B cells"
"624","CD4 T cells"
"625","CD4 T cells"
"626","HEK cells"
"627","HEK cells"
"628","HEK cells"
"629","NK cells"
"630","HEK cells"
"631","HEK cells"
"632","CD4 T cells"
"633","HEK cells"
"634","HEK cells"
"635","CD14+ Monocytes"
"636","CD14+ Monocytes"
"637","CD4 T cells"
"638","NK cells"
"639","CD4 T cells"
"640","HEK cells"
"641","HEK cells"
"642","CD4 T cells"
"643","CD14+ Monocytes"
"644","CD4 T cells"
"645","CD14+ Monocytes"
"646","CD8 T cells"
"647","CD4 T cells"
"648","CD4 T cells"
"649","NK cells"
"650","CD4 T cells"
"651","HEK cells"
"652","HEK cells"
"653","CD4 T cells"
"654","CD4 T cells"
"655","CD4 T cells"
"656","CD4 T cells"
"657","CD14+ Monocytes"
"658","CD14+ Monocytes"
"659","CD4 T cells"
"660","CD8 T cells"
"661","CD4 T cells"
"662","HEK cells"
"663","CD8 T cells"
"664","HEK cells"
"665","B cells"
"666","HEK cells"
"667","CD14+ Monocytes"
"668","CD4 T cells"
"669","CD4 T cells"
"670","CD4 T cells"
"671","CD14+ Monocytes"
"672","CD4 T cells"
"673","CD8 T cells"
"674","HEK cells"
"675","HEK cells"
"676","CD14+ Monocytes"
"677","CD4 T cells"
"678","CD4 T cells"
"679","HEK cells"
"680","HEK cells"
"681","CD4 T cells"
"682","FCGR3A+ Monocytes"
"683","CD4 T cells"
"684","CD4 T cells"
"685","CD4 T cells"
"686","CD8 T cells"
