"","x"
"1","CD4 T cells"
"2","HEK cells"
"3","CD14+ Monocytes"
"4","CD14+ Monocytes"
"5","CD14+ Monocytes"
"6","CD4 T cells"
"7","CD4 T cells"
"8","HEK cells"
"9","CD4 T cells"
"10","CD4 T cells"
"11","CD8 T cells"
"12","FCGR3A+ Monocytes"
"13","CD14+ Monocytes"
"14","CD14+ Monocytes"
"15","CD4 T cells"
"16","NK cells"
"17","CD4 T cells"
"18","HEK cells"
"19","CD14+ Monocytes"
"20","CD14+ Monocytes"
"21","CD4 T cells"
"22","CD8 T cells"
"23","CD8 T cells"
"24","CD4 T cells"
"25","CD4 T cells"
"26","CD4 T cells"
"27","NK cells"
"28","CD4 T cells"
"29","HEK cells"
"30","CD14+ Monocytes"
"31","CD4 T cells"
"32","HEK cells"
"33","B cells"
"34","CD8 T cells"
"35","CD14+ Monocytes"
"36","B cells"
"37","CD14+ Monocytes"
"38","NK cells"
"39","CD8 T cells"
"40","CD14+ Monocytes"
"41","CD14+ Monocytes"
"42","CD8 T cells"
"43","CD4 T cells"
"44","CD14+ Monocytes"
"45","NK cells"
"46","CD4 T cells"
"47","CD8 T cells"
"48","CD8 T cells"
"49","HEK cells"
"50","NK cells"
"51","FCGR3A+ Monocytes"
"52","HEK cells"
"53","HEK cells"
"54","B cells"
"55","CD4 T cells"
"56","CD4 T cells"
"57","B cells"
"58","CD4 T cells"
"59","CD4 T cells"
"60","HEK cells"
"61","NK cells"
"62","CD14+ Monocytes"
"63","CD8 T cells"
"64","CD14+ Monocytes"
"65","CD8 T cells"
"66","CD14+ Monocytes"
"67","CD8 T cells"
"68","CD14+ Monocytes"
"69","CD14+ Monocytes"
"70","CD4 T cells"
"71","CD4 T cells"
"72","CD8 T cells"
"73","CD4 T cells"
"74","CD4 T cells"
"75","CD8 T cells"
"76","B cells"
"77","FCGR3A+ Monocytes"
"78","FCGR3A+ Monocytes"
"79","HEK cells"
"80","B cells"
"81","CD4 T cells"
"82","FCGR3A+ Monocytes"
"83","NK cells"
"84","FCGR3A+ Monocytes"
"85","HEK cells"
"86","CD8 T cells"
"87","B cells"
"88","CD14+ Monocytes"
"89","CD14+ Monocytes"
"90","Megakaryocytes"
"91","FCGR3A+ Monocytes"
"92","NK cells"
"93","CD8 T cells"
"94","CD4 T cells"
"95","CD4 T cells"
"96","B cells"
"97","CD8 T cells"
"98","B cells"
"99","FCGR3A+ Monocytes"
"100","HEK cells"
"101","B cells"
"102","NK cells"
"103","CD8 T cells"
"104","FCGR3A+ Monocytes"
"105","B cells"
"106","CD4 T cells"
"107","CD4 T cells"
"108","FCGR3A+ Monocytes"
"109","CD8 T cells"
"110","CD4 T cells"
"111","CD4 T cells"
"112","CD14+ Monocytes"
"113","FCGR3A+ Monocytes"
"114","CD4 T cells"
"115","CD4 T cells"
"116","CD4 T cells"
"117","HEK cells"
"118","CD4 T cells"
"119","CD14+ Monocytes"
"120","CD14+ Monocytes"
"121","CD4 T cells"
"122","CD4 T cells"
"123","CD8 T cells"
"124","B cells"
"125","NK cells"
"126","FCGR3A+ Monocytes"
"127","CD8 T cells"
"128","CD8 T cells"
"129","CD4 T cells"
"130","CD4 T cells"
"131","CD4 T cells"
"132","B cells"
"133","CD14+ Monocytes"
"134","CD14+ Monocytes"
"135","NK cells"
"136","HEK cells"
"137","CD14+ Monocytes"
"138","CD8 T cells"
"139","CD14+ Monocytes"
"140","CD14+ Monocytes"
"141","CD4 T cells"
"142","CD8 T cells"
"143","HEK cells"
"144","CD4 T cells"
"145","CD14+ Monocytes"
"146","CD8 T cells"
"147","CD14+ Monocytes"
"148","B cells"
"149","CD4 T cells"
"150","HEK cells"
"151","CD14+ Monocytes"
"152","CD14+ Monocytes"
"153","HEK cells"
"154","B cells"
"155","FCGR3A+ Monocytes"
"156","CD4 T cells"
"157","B cells"
"158","NK cells"
"159","B cells"
"160","CD4 T cells"
"161","CD4 T cells"
"162","B cells"
"163","CD4 T cells"
"164","CD4 T cells"
"165","NK cells"
"166","HEK cells"
"167","CD14+ Monocytes"
"168","HEK cells"
"169","HEK cells"
"170","NK cells"
"171","CD4 T cells"
"172","CD4 T cells"
"173","CD4 T cells"
"174","CD8 T cells"
"175","CD4 T cells"
"176","CD14+ Monocytes"
"177","HEK cells"
"178","CD14+ Monocytes"
"179","FCGR3A+ Monocytes"
"180","B cells"
"181","NK cells"
"182","HEK cells"
"183","CD4 T cells"
"184","CD14+ Monocytes"
"185","CD4 T cells"
"186","HEK cells"
"187","CD14+ Monocytes"
"188","CD4 T cells"
"189","CD4 T cells"
"190","FCGR3A+ Monocytes"
"191","CD14+ Monocytes"
"192","B cells"
"193","B cells"
"194","CD4 T cells"
"195","B cells"
"196","NK cells"
"197","HEK cells"
"198","CD4 T cells"
"199","NK cells"
"200","CD4 T cells"
"201","HEK cells"
"202","CD8 T cells"
"203","CD4 T cells"
"204","CD8 T cells"
"205","CD4 T cells"
"206","CD4 T cells"
"207","NK cells"
"208","CD4 T cells"
"209","HEK cells"
"210","CD4 T cells"
"211","HEK cells"
"212","B cells"
"213","HEK cells"
"214","CD4 T cells"
"215","CD14+ Monocytes"
"216","CD4 T cells"
"217","CD14+ Monocytes"
"218","HEK cells"
"219","HEK cells"
"220","CD8 T cells"
"221","HEK cells"
"222","HEK cells"
"223","HEK cells"
"224","CD8 T cells"
"225","CD8 T cells"
"226","CD14+ Monocytes"
"227","Dendritic cells"
"228","CD8 T cells"
"229","CD8 T cells"
"230","CD4 T cells"
"231","NK cells"
"232","HEK cells"
"233","CD4 T cells"
"234","CD14+ Monocytes"
"235","CD4 T cells"
"236","CD8 T cells"
"237","CD4 T cells"
"238","CD4 T cells"
"239","B cells"
"240","HEK cells"
"241","CD4 T cells"
"242","B cells"
"243","CD4 T cells"
"244","HEK cells"
"245","CD14+ Monocytes"
"246","NK cells"
"247","CD4 T cells"
"248","CD4 T cells"
"249","HEK cells"
"250","CD4 T cells"
"251","B cells"
"252","CD8 T cells"
"253","CD4 T cells"
"254","CD4 T cells"
"255","CD8 T cells"
"256","CD4 T cells"
"257","CD14+ Monocytes"
"258","CD4 T cells"
"259","HEK cells"
"260","CD14+ Monocytes"
"261","CD8 T cells"
"262","CD14+ Monocytes"
"263","CD4 T cells"
"264","CD4 T cells"
"265","CD14+ Monocytes"
"266","CD4 T cells"
"267","CD14+ Monocytes"
"268","FCGR3A+ Monocytes"
"269","CD4 T cells"
"270","CD14+ Monocytes"
"271","FCGR3A+ Monocytes"
"272","CD4 T cells"
"273","CD4 T cells"
"274","B cells"
"275","CD4 T cells"
"276","CD8 T cells"
"277","HEK cells"
"278","CD8 T cells"
"279","CD8 T cells"
"280","FCGR3A+ Monocytes"
"281","CD14+ Monocytes"
"282","CD8 T cells"
"283","CD14+ Monocytes"
"284","CD4 T cells"
"285","B cells"
"286","CD14+ Monocytes"
"287","B cells"
"288","CD4 T cells"
"289","B cells"
"290","CD4 T cells"
"291","CD4 T cells"
"292","CD14+ Monocytes"
"293","CD4 T cells"
"294","CD14+ Monocytes"
"295","CD4 T cells"
"296","CD14+ Monocytes"
"297","FCGR3A+ Monocytes"
"298","CD4 T cells"
"299","B cells"
"300","CD4 T cells"
"301","CD4 T cells"
"302","CD4 T cells"
"303","CD14+ Monocytes"
"304","NK cells"
"305","CD4 T cells"
"306","CD14+ Monocytes"
"307","CD4 T cells"
"308","CD14+ Monocytes"
"309","CD4 T cells"
"310","CD4 T cells"
"311","B cells"
"312","HEK cells"
"313","CD8 T cells"
"314","HEK cells"
"315","CD4 T cells"
"316","NK cells"
"317","B cells"
"318","HEK cells"
"319","HEK cells"
"320","CD8 T cells"
"321","CD8 T cells"
"322","CD4 T cells"
"323","B cells"
"324","CD8 T cells"
"325","CD8 T cells"
"326","B cells"
"327","CD14+ Monocytes"
"328","CD4 T cells"
"329","CD4 T cells"
"330","CD4 T cells"
"331","CD4 T cells"
"332","CD4 T cells"
"333","HEK cells"
"334","CD8 T cells"
"335","CD4 T cells"
"336","CD8 T cells"
"337","B cells"
"338","CD4 T cells"
"339","Dendritic cells"
"340","CD4 T cells"
"341","CD4 T cells"
"342","HEK cells"
"343","CD4 T cells"
"344","B cells"
"345","CD4 T cells"
"346","CD4 T cells"
"347","B cells"
"348","CD4 T cells"
"349","CD4 T cells"
"350","CD14+ Monocytes"
"351","CD14+ Monocytes"
"352","CD8 T cells"
"353","CD14+ Monocytes"
"354","CD8 T cells"
"355","CD4 T cells"
"356","FCGR3A+ Monocytes"
"357","CD4 T cells"
"358","CD4 T cells"
"359","CD4 T cells"
"360","FCGR3A+ Monocytes"
"361","CD8 T cells"
"362","B cells"
"363","CD4 T cells"
"364","CD4 T cells"
"365","FCGR3A+ Monocytes"
"366","FCGR3A+ Monocytes"
"367","CD4 T cells"
"368","CD14+ Monocytes"
"369","CD4 T cells"
"370","CD14+ Monocytes"
"371","HEK cells"
"372","CD4 T cells"
"373","CD4 T cells"
"374","NK cells"
"375","CD8 T cells"
"376","HEK cells"
"377","HEK cells"
"378","CD4 T cells"
"379","HEK cells"
"380","CD14+ Monocytes"
"381","B cells"
"382","NK cells"
"383","CD14+ Monocytes"
"384","CD4 T cells"
"385","HEK cells"
"386","CD8 T cells"
"387","CD14+ Monocytes"
"388","CD4 T cells"
"389","CD14+ Monocytes"
"390","B cells"
"391","CD8 T cells"
"392","FCGR3A+ Monocytes"
"393","HEK cells"
"394","CD4 T cells"
"395","HEK cells"
"396","CD8 T cells"
"397","B cells"
"398","B cells"
"399","CD8 T cells"
"400","CD4 T cells"
"401","CD4 T cells"
"402","CD4 T cells"
"403","HEK cells"
"404","CD8 T cells"
"405","CD4 T cells"
"406","CD4 T cells"
"407","CD4 T cells"
"408","CD8 T cells"
"409","CD8 T cells"
"410","NK cells"
"411","CD4 T cells"
"412","HEK cells"
"413","CD4 T cells"
"414","B cells"
"415","CD4 T cells"
"416","HEK cells"
"417","CD8 T cells"
"418","CD4 T cells"
"419","CD4 T cells"
"420","CD4 T cells"
"421","CD4 T cells"
"422","CD4 T cells"
"423","HEK cells"
"424","CD14+ Monocytes"
"425","CD14+ Monocytes"
"426","HEK cells"
"427","CD4 T cells"
"428","CD4 T cells"
"429","HEK cells"
"430","CD14+ Monocytes"
"431","CD4 T cells"
"432","NK cells"
"433","HEK cells"
"434","CD4 T cells"
"435","CD4 T cells"
"436","CD4 T cells"
"437","HEK cells"
"438","FCGR3A+ Monocytes"
"439","HEK cells"
"440","HEK cells"
"441","CD8 T cells"
"442","CD4 T cells"
"443","CD14+ Monocytes"
"444","HEK cells"
"445","CD14+ Monocytes"
"446","HEK cells"
"447","CD14+ Monocytes"
"448","HEK cells"
"449","CD8 T cells"
"450","CD4 T cells"
"451","CD14+ Monocytes"
"452","B cells"
"453","NK cells"
"454","CD4 T cells"
"455","NK cells"
"456","Dendritic cells"
"457","CD4 T cells"
"458","CD4 T cells"
"459","FCGR3A+ Monocytes"
"460","CD8 T cells"
"461","HEK cells"
"462","CD14+ Monocytes"
"463","CD14+ Monocytes"
"464","CD4 T cells"
"465","CD4 T cells"
"466","CD4 T cells"
"467","CD4 T cells"
"468","CD4 T cells"
"469","CD14+ Monocytes"
"470","CD8 T cells"
"471","NK cells"
"472","CD4 T cells"
"473","CD4 T cells"
"474","B cells"
"475","CD4 T cells"
"476","CD14+ Monocytes"
"477","CD8 T cells"
"478","CD14+ Monocytes"
"479","CD14+ Monocytes"
"480","CD4 T cells"
"481","HEK cells"
"482","CD4 T cells"
"483","CD4 T cells"
"484","B cells"
"485","CD4 T cells"
"486","CD4 T cells"
"487","B cells"
"488","CD8 T cells"
"489","CD14+ Monocytes"
"490","CD14+ Monocytes"
"491","HEK cells"
"492","CD4 T cells"
"493","CD8 T cells"
"494","CD8 T cells"
"495","CD14+ Monocytes"
"496","CD4 T cells"
"497","CD14+ Monocytes"
"498","CD8 T cells"
"499","CD8 T cells"
"500","CD4 T cells"
"501","B cells"
"502","CD14+ Monocytes"
"503","CD14+ Monocytes"
"504","CD4 T cells"
"505","CD4 T cells"
"506","CD14+ Monocytes"
"507","CD4 T cells"
"508","FCGR3A+ Monocytes"
"509","B cells"
"510","CD14+ Monocytes"
"511","HEK cells"
"512","CD8 T cells"
"513","CD4 T cells"
"514","CD14+ Monocytes"
"515","FCGR3A+ Monocytes"
"516","Dendritic cells"
"517","CD8 T cells"
"518","HEK cells"
"519","CD14+ Monocytes"
"520","CD4 T cells"
"521","FCGR3A+ Monocytes"
"522","CD4 T cells"
"523","NK cells"
"524","HEK cells"
"525","CD8 T cells"
"526","B cells"
"527","NK cells"
"528","CD14+ Monocytes"
"529","B cells"
"530","CD4 T cells"
"531","HEK cells"
"532","CD4 T cells"
"533","HEK cells"
"534","CD4 T cells"
"535","CD4 T cells"
"536","CD8 T cells"
"537","CD4 T cells"
"538","HEK cells"
"539","HEK cells"
"540","CD4 T cells"
"541","CD8 T cells"
"542","CD4 T cells"
"543","CD4 T cells"
"544","NK cells"
"545","CD4 T cells"
"546","CD14+ Monocytes"
"547","CD4 T cells"
"548","B cells"
"549","CD4 T cells"
"550","CD8 T cells"
"551","CD8 T cells"
"552","CD8 T cells"
"553","CD4 T cells"
"554","B cells"
"555","NK cells"
"556","HEK cells"
"557","FCGR3A+ Monocytes"
"558","B cells"
"559","CD4 T cells"
"560","CD8 T cells"
"561","CD4 T cells"
"562","B cells"
"563","CD8 T cells"
"564","HEK cells"
"565","CD8 T cells"
"566","B cells"
"567","CD4 T cells"
"568","CD4 T cells"
"569","CD4 T cells"
"570","CD4 T cells"
"571","CD8 T cells"
"572","CD14+ Monocytes"
"573","Dendritic cells"
"574","B cells"
"575","HEK cells"
"576","HEK cells"
"577","CD8 T cells"
"578","CD4 T cells"
"579","CD4 T cells"
"580","B cells"
"581","CD4 T cells"
"582","CD14+ Monocytes"
"583","CD8 T cells"
"584","CD14+ Monocytes"
"585","HEK cells"
"586","HEK cells"
"587","B cells"
"588","CD4 T cells"
"589","CD8 T cells"
"590","CD14+ Monocytes"
"591","CD8 T cells"
"592","B cells"
"593","B cells"
"594","CD8 T cells"
"595","CD8 T cells"
"596","CD8 T cells"
"597","CD14+ Monocytes"
"598","CD4 T cells"
"599","CD4 T cells"
"600","CD8 T cells"
"601","CD4 T cells"
"602","CD4 T cells"
"603","HEK cells"
"604","CD4 T cells"
"605","HEK cells"
"606","CD4 T cells"
"607","CD4 T cells"
"608","HEK cells"
"609","B cells"
"610","CD14+ Monocytes"
"611","CD14+ Monocytes"
"612","CD14+ Monocytes"
"613","HEK cells"
"614","CD4 T cells"
"615","CD4 T cells"
"616","CD14+ Monocytes"
"617","CD4 T cells"
"618","CD14+ Monocytes"
"619","CD8 T cells"
"620","CD4 T cells"
"621","CD4 T cells"
"622","CD4 T cells"
"623","CD8 T cells"
"624","CD14+ Monocytes"
"625","CD14+ Monocytes"
"626","CD4 T cells"
"627","NK cells"
"628","CD4 T cells"
"629","CD4 T cells"
"630","Dendritic cells"
"631","HEK cells"
"632","CD8 T cells"
"633","NK cells"
"634","CD14+ Monocytes"
"635","CD14+ Monocytes"
"636","FCGR3A+ Monocytes"
"637","FCGR3A+ Monocytes"
"638","CD14+ Monocytes"
"639","HEK cells"
"640","CD8 T cells"
"641","CD8 T cells"
"642","CD14+ Monocytes"
"643","CD4 T cells"
"644","CD8 T cells"
"645","CD14+ Monocytes"
"646","B cells"
"647","FCGR3A+ Monocytes"
"648","CD14+ Monocytes"
"649","FCGR3A+ Monocytes"
"650","CD4 T cells"
"651","CD14+ Monocytes"
"652","CD4 T cells"
"653","HEK cells"
"654","CD4 T cells"
"655","NK cells"
"656","NK cells"
"657","CD4 T cells"
"658","B cells"
"659","CD14+ Monocytes"
"660","HEK cells"
"661","CD4 T cells"
"662","CD14+ Monocytes"
"663","B cells"
"664","CD4 T cells"
"665","CD4 T cells"
"666","CD8 T cells"
"667","CD4 T cells"
"668","CD4 T cells"
"669","CD4 T cells"
"670","CD14+ Monocytes"
"671","HEK cells"
"672","B cells"
"673","CD4 T cells"
"674","CD8 T cells"
"675","CD4 T cells"
"676","CD4 T cells"
"677","Dendritic cells"
"678","HEK cells"
"679","CD8 T cells"
"680","CD14+ Monocytes"
"681","B cells"
"682","CD4 T cells"
"683","CD8 T cells"
"684","CD14+ Monocytes"
"685","CD4 T cells"
"686","CD4 T cells"
"687","CD4 T cells"
"688","HEK cells"
"689","HEK cells"
"690","CD4 T cells"
"691","NK cells"
"692","CD4 T cells"
"693","CD4 T cells"
"694","CD8 T cells"
"695","CD4 T cells"
"696","CD4 T cells"
"697","CD4 T cells"
"698","CD4 T cells"
"699","CD4 T cells"
"700","CD14+ Monocytes"
"701","HEK cells"
"702","FCGR3A+ Monocytes"
"703","FCGR3A+ Monocytes"
"704","CD4 T cells"
"705","FCGR3A+ Monocytes"
"706","CD4 T cells"
"707","CD14+ Monocytes"
"708","CD4 T cells"
"709","CD14+ Monocytes"
"710","CD4 T cells"
"711","CD4 T cells"
"712","CD14+ Monocytes"
"713","Dendritic cells"
"714","CD4 T cells"
"715","CD14+ Monocytes"
"716","B cells"
"717","CD14+ Monocytes"
"718","CD14+ Monocytes"
"719","Megakaryocytes"
"720","CD14+ Monocytes"
"721","CD4 T cells"
"722","CD4 T cells"
"723","CD4 T cells"
"724","CD4 T cells"
"725","CD14+ Monocytes"
"726","CD8 T cells"
"727","NK cells"
"728","CD8 T cells"
"729","CD4 T cells"
"730","CD4 T cells"
"731","CD14+ Monocytes"
"732","CD4 T cells"
"733","CD4 T cells"
"734","CD4 T cells"
"735","B cells"
"736","NK cells"
"737","CD14+ Monocytes"
"738","HEK cells"
"739","B cells"
"740","HEK cells"
"741","CD4 T cells"
"742","CD14+ Monocytes"
"743","HEK cells"
"744","CD14+ Monocytes"
"745","CD4 T cells"
"746","CD8 T cells"
"747","HEK cells"
"748","B cells"
"749","HEK cells"
"750","CD4 T cells"
"751","CD4 T cells"
"752","Dendritic cells"
"753","CD4 T cells"
"754","CD4 T cells"
"755","CD8 T cells"
"756","CD14+ Monocytes"
"757","CD4 T cells"
"758","CD8 T cells"
"759","CD4 T cells"
"760","CD14+ Monocytes"
"761","CD4 T cells"
"762","B cells"
"763","CD4 T cells"
"764","CD8 T cells"
"765","FCGR3A+ Monocytes"
"766","HEK cells"
"767","CD8 T cells"
"768","CD14+ Monocytes"
"769","HEK cells"
"770","CD4 T cells"
"771","CD8 T cells"
"772","NK cells"
"773","CD4 T cells"
"774","FCGR3A+ Monocytes"
"775","HEK cells"
"776","CD14+ Monocytes"
"777","HEK cells"
"778","CD14+ Monocytes"
"779","HEK cells"
"780","CD4 T cells"
"781","CD8 T cells"
"782","HEK cells"
"783","CD4 T cells"
"784","B cells"
"785","CD4 T cells"
"786","CD4 T cells"
"787","HEK cells"
"788","CD4 T cells"
"789","CD4 T cells"
"790","CD4 T cells"
"791","CD8 T cells"
"792","CD4 T cells"
"793","CD4 T cells"
"794","CD4 T cells"
"795","CD4 T cells"
"796","B cells"
"797","B cells"
"798","CD8 T cells"
"799","FCGR3A+ Monocytes"
"800","CD14+ Monocytes"
"801","CD14+ Monocytes"
"802","CD8 T cells"
"803","B cells"
"804","B cells"
"805","NK cells"
"806","CD14+ Monocytes"
"807","CD14+ Monocytes"
"808","HEK cells"
"809","CD14+ Monocytes"
"810","NK cells"
"811","CD4 T cells"
"812","B cells"
"813","CD14+ Monocytes"
"814","CD14+ Monocytes"
"815","CD4 T cells"
"816","CD4 T cells"
"817","CD14+ Monocytes"
"818","CD8 T cells"
"819","CD14+ Monocytes"
"820","CD4 T cells"
"821","CD14+ Monocytes"
"822","CD14+ Monocytes"
"823","CD4 T cells"
"824","CD4 T cells"
"825","CD4 T cells"
"826","CD4 T cells"
"827","HEK cells"
"828","CD4 T cells"
"829","B cells"
"830","CD14+ Monocytes"
"831","CD14+ Monocytes"
"832","FCGR3A+ Monocytes"
"833","HEK cells"
"834","HEK cells"
"835","CD14+ Monocytes"
"836","HEK cells"
"837","CD4 T cells"
"838","CD8 T cells"
"839","B cells"
"840","HEK cells"
"841","CD8 T cells"
"842","CD8 T cells"
"843","Dendritic cells"
"844","HEK cells"
"845","CD4 T cells"
"846","NK cells"
"847","CD4 T cells"
"848","HEK cells"
"849","CD4 T cells"
"850","CD14+ Monocytes"
"851","B cells"
"852","CD4 T cells"
"853","HEK cells"
"854","HEK cells"
"855","CD4 T cells"
"856","CD14+ Monocytes"
"857","HEK cells"
"858","CD8 T cells"
"859","CD14+ Monocytes"
"860","HEK cells"
"861","CD4 T cells"
"862","B cells"
"863","HEK cells"
"864","Dendritic cells"
"865","CD14+ Monocytes"
"866","FCGR3A+ Monocytes"
"867","CD14+ Monocytes"
"868","HEK cells"
"869","B cells"
"870","CD14+ Monocytes"
"871","CD14+ Monocytes"
"872","CD14+ Monocytes"
"873","CD4 T cells"
"874","HEK cells"
"875","CD8 T cells"
"876","HEK cells"
"877","CD14+ Monocytes"
"878","CD8 T cells"
"879","HEK cells"
"880","CD4 T cells"
"881","CD14+ Monocytes"
"882","CD14+ Monocytes"
"883","HEK cells"
"884","CD14+ Monocytes"
"885","CD14+ Monocytes"
"886","HEK cells"
"887","CD8 T cells"
"888","CD8 T cells"
"889","CD14+ Monocytes"
"890","Dendritic cells"
"891","CD8 T cells"
"892","CD8 T cells"
"893","CD8 T cells"
"894","CD14+ Monocytes"
"895","FCGR3A+ Monocytes"
"896","CD8 T cells"
"897","HEK cells"
"898","CD14+ Monocytes"
"899","CD4 T cells"
"900","NK cells"
"901","HEK cells"
"902","CD8 T cells"
"903","CD14+ Monocytes"
"904","B cells"
"905","CD4 T cells"
"906","CD4 T cells"
"907","CD4 T cells"
"908","B cells"
"909","HEK cells"
"910","CD4 T cells"
"911","CD4 T cells"
"912","FCGR3A+ Monocytes"
"913","CD4 T cells"
"914","CD14+ Monocytes"
"915","CD14+ Monocytes"
"916","HEK cells"
"917","FCGR3A+ Monocytes"
"918","B cells"
"919","CD4 T cells"
"920","CD8 T cells"
"921","CD4 T cells"
"922","B cells"
"923","B cells"
"924","CD8 T cells"
"925","CD4 T cells"
"926","HEK cells"
"927","CD14+ Monocytes"
"928","CD4 T cells"
"929","HEK cells"
"930","CD4 T cells"
"931","HEK cells"
"932","CD14+ Monocytes"
"933","CD8 T cells"
"934","CD14+ Monocytes"
"935","CD4 T cells"
"936","HEK cells"
"937","CD4 T cells"
"938","HEK cells"
"939","CD4 T cells"
"940","CD4 T cells"
"941","CD14+ Monocytes"
"942","CD14+ Monocytes"
"943","CD4 T cells"
"944","HEK cells"
"945","CD4 T cells"
"946","FCGR3A+ Monocytes"
"947","CD4 T cells"
"948","CD14+ Monocytes"
"949","CD4 T cells"
"950","HEK cells"
"951","NK cells"
"952","B cells"
"953","CD8 T cells"
"954","CD4 T cells"
"955","CD4 T cells"
"956","FCGR3A+ Monocytes"
"957","B cells"
"958","CD4 T cells"
"959","CD8 T cells"
"960","CD8 T cells"
"961","CD8 T cells"
"962","CD4 T cells"
"963","CD4 T cells"
"964","CD14+ Monocytes"
"965","CD4 T cells"
"966","CD8 T cells"
"967","B cells"
"968","CD8 T cells"
"969","B cells"
"970","CD4 T cells"
"971","B cells"
"972","NK cells"
"973","FCGR3A+ Monocytes"
"974","CD4 T cells"
"975","CD4 T cells"
"976","CD4 T cells"
"977","CD4 T cells"
"978","CD8 T cells"
"979","HEK cells"
"980","CD14+ Monocytes"
"981","CD14+ Monocytes"
"982","CD4 T cells"
"983","FCGR3A+ Monocytes"
"984","CD4 T cells"
"985","HEK cells"
"986","CD4 T cells"
"987","CD4 T cells"
"988","CD4 T cells"
"989","CD8 T cells"
"990","CD14+ Monocytes"
"991","CD8 T cells"
"992","CD4 T cells"
"993","CD8 T cells"
"994","NK cells"
"995","Dendritic cells"
"996","CD4 T cells"
"997","CD8 T cells"
"998","HEK cells"
"999","CD14+ Monocytes"
"1000","B cells"
"1001","HEK cells"
"1002","FCGR3A+ Monocytes"
"1003","Dendritic cells"
"1004","CD4 T cells"
"1005","CD14+ Monocytes"
"1006","B cells"
"1007","CD4 T cells"
"1008","CD14+ Monocytes"
"1009","CD4 T cells"
"1010","CD4 T cells"
"1011","CD8 T cells"
"1012","CD4 T cells"
"1013","CD4 T cells"
"1014","CD4 T cells"
"1015","FCGR3A+ Monocytes"
"1016","B cells"
"1017","CD8 T cells"
"1018","CD8 T cells"
"1019","CD4 T cells"
"1020","HEK cells"
"1021","FCGR3A+ Monocytes"
"1022","CD4 T cells"
"1023","CD14+ Monocytes"
"1024","CD4 T cells"
"1025","HEK cells"
"1026","CD14+ Monocytes"
"1027","CD4 T cells"
"1028","CD4 T cells"
"1029","CD14+ Monocytes"
"1030","HEK cells"
"1031","CD4 T cells"
"1032","HEK cells"
"1033","CD4 T cells"
"1034","CD8 T cells"
"1035","HEK cells"
"1036","CD8 T cells"
"1037","FCGR3A+ Monocytes"
"1038","CD4 T cells"
"1039","HEK cells"
"1040","CD4 T cells"
"1041","B cells"
"1042","CD4 T cells"
"1043","CD4 T cells"
"1044","HEK cells"
"1045","HEK cells"
"1046","FCGR3A+ Monocytes"
"1047","CD4 T cells"
"1048","FCGR3A+ Monocytes"
"1049","CD14+ Monocytes"
"1050","CD14+ Monocytes"
"1051","CD14+ Monocytes"
"1052","CD4 T cells"
"1053","FCGR3A+ Monocytes"
"1054","HEK cells"
"1055","CD14+ Monocytes"
"1056","CD4 T cells"
"1057","CD4 T cells"
"1058","CD8 T cells"
"1059","CD4 T cells"
"1060","FCGR3A+ Monocytes"
"1061","CD14+ Monocytes"
"1062","B cells"
"1063","CD4 T cells"
"1064","CD14+ Monocytes"
"1065","CD4 T cells"
"1066","CD14+ Monocytes"
"1067","CD8 T cells"
"1068","HEK cells"
"1069","CD4 T cells"
"1070","CD4 T cells"
"1071","CD4 T cells"
"1072","CD4 T cells"
"1073","Dendritic cells"
"1074","CD8 T cells"
"1075","CD4 T cells"
"1076","CD14+ Monocytes"
"1077","CD14+ Monocytes"
"1078","CD14+ Monocytes"
"1079","CD4 T cells"
"1080","HEK cells"
"1081","CD4 T cells"
"1082","CD14+ Monocytes"
"1083","CD4 T cells"
"1084","CD4 T cells"
"1085","CD14+ Monocytes"
"1086","HEK cells"
"1087","HEK cells"
"1088","CD4 T cells"
"1089","CD14+ Monocytes"
"1090","CD4 T cells"
"1091","CD14+ Monocytes"
"1092","CD8 T cells"
"1093","HEK cells"
"1094","NK cells"
"1095","NK cells"
"1096","CD4 T cells"
"1097","FCGR3A+ Monocytes"
"1098","FCGR3A+ Monocytes"
"1099","CD14+ Monocytes"
"1100","HEK cells"
"1101","HEK cells"
"1102","CD14+ Monocytes"
"1103","CD14+ Monocytes"
"1104","CD4 T cells"
"1105","B cells"
"1106","CD8 T cells"
"1107","HEK cells"
"1108","CD14+ Monocytes"
"1109","B cells"
"1110","CD4 T cells"
"1111","CD4 T cells"
"1112","HEK cells"
"1113","CD4 T cells"
"1114","CD8 T cells"
"1115","Dendritic cells"
"1116","CD8 T cells"
"1117","CD4 T cells"
"1118","HEK cells"
"1119","CD4 T cells"
"1120","CD8 T cells"
"1121","HEK cells"
"1122","CD4 T cells"
"1123","CD4 T cells"
"1124","Megakaryocytes"
"1125","CD4 T cells"
"1126","HEK cells"
"1127","B cells"
"1128","CD8 T cells"
"1129","CD4 T cells"
"1130","CD4 T cells"
"1131","CD14+ Monocytes"
"1132","Megakaryocytes"
"1133","CD4 T cells"
"1134","CD14+ Monocytes"
"1135","CD4 T cells"
"1136","CD8 T cells"
"1137","B cells"
"1138","CD8 T cells"
"1139","CD14+ Monocytes"
"1140","HEK cells"
"1141","HEK cells"
"1142","CD4 T cells"
"1143","B cells"
"1144","FCGR3A+ Monocytes"
"1145","CD14+ Monocytes"
"1146","HEK cells"
"1147","HEK cells"
"1148","CD4 T cells"
"1149","CD8 T cells"
"1150","CD8 T cells"
"1151","CD14+ Monocytes"
"1152","HEK cells"
"1153","HEK cells"
"1154","HEK cells"
"1155","CD14+ Monocytes"
"1156","NK cells"
"1157","B cells"
"1158","CD8 T cells"
"1159","CD14+ Monocytes"
"1160","CD14+ Monocytes"
"1161","CD4 T cells"
"1162","CD14+ Monocytes"
"1163","CD8 T cells"
"1164","FCGR3A+ Monocytes"
"1165","FCGR3A+ Monocytes"
"1166","CD14+ Monocytes"
"1167","B cells"
"1168","CD14+ Monocytes"
"1169","B cells"
"1170","HEK cells"
"1171","FCGR3A+ Monocytes"
"1172","CD14+ Monocytes"
"1173","CD8 T cells"
"1174","FCGR3A+ Monocytes"
"1175","B cells"
"1176","HEK cells"
"1177","CD14+ Monocytes"
"1178","CD14+ Monocytes"
"1179","CD4 T cells"
"1180","CD14+ Monocytes"
"1181","CD14+ Monocytes"
"1182","CD14+ Monocytes"
"1183","FCGR3A+ Monocytes"
"1184","B cells"
"1185","B cells"
"1186","CD14+ Monocytes"
"1187","CD4 T cells"
"1188","HEK cells"
"1189","HEK cells"
"1190","CD14+ Monocytes"
"1191","CD14+ Monocytes"
"1192","HEK cells"
"1193","B cells"
"1194","HEK cells"
"1195","HEK cells"
"1196","CD8 T cells"
"1197","CD8 T cells"
"1198","HEK cells"
"1199","CD14+ Monocytes"
"1200","HEK cells"
"1201","CD14+ Monocytes"
"1202","CD8 T cells"
"1203","FCGR3A+ Monocytes"
"1204","CD4 T cells"
"1205","FCGR3A+ Monocytes"
"1206","CD4 T cells"
"1207","HEK cells"
"1208","CD8 T cells"
"1209","CD14+ Monocytes"
"1210","CD4 T cells"
"1211","CD14+ Monocytes"
"1212","CD4 T cells"
"1213","FCGR3A+ Monocytes"
"1214","CD14+ Monocytes"
"1215","CD4 T cells"
"1216","HEK cells"
"1217","B cells"
"1218","B cells"
"1219","CD14+ Monocytes"
"1220","CD14+ Monocytes"
"1221","CD4 T cells"
"1222","HEK cells"
"1223","CD14+ Monocytes"
"1224","CD8 T cells"
"1225","HEK cells"
"1226","CD4 T cells"
"1227","CD8 T cells"
"1228","NK cells"
"1229","CD8 T cells"
"1230","HEK cells"
"1231","CD14+ Monocytes"
"1232","B cells"
"1233","CD8 T cells"
"1234","CD4 T cells"
"1235","HEK cells"
"1236","NK cells"
"1237","CD14+ Monocytes"
"1238","CD4 T cells"
"1239","CD14+ Monocytes"
"1240","HEK cells"
"1241","CD8 T cells"
"1242","CD14+ Monocytes"
"1243","CD4 T cells"
"1244","HEK cells"
"1245","FCGR3A+ Monocytes"
"1246","HEK cells"
"1247","CD8 T cells"
"1248","CD4 T cells"
"1249","CD8 T cells"
"1250","CD4 T cells"
"1251","HEK cells"
"1252","CD8 T cells"
"1253","CD8 T cells"
"1254","CD4 T cells"
"1255","B cells"
"1256","HEK cells"
"1257","B cells"
"1258","HEK cells"
"1259","CD4 T cells"
"1260","NK cells"
"1261","FCGR3A+ Monocytes"
"1262","HEK cells"
"1263","FCGR3A+ Monocytes"
"1264","CD4 T cells"
"1265","CD14+ Monocytes"
"1266","HEK cells"
"1267","CD4 T cells"
"1268","CD4 T cells"
"1269","HEK cells"
"1270","CD14+ Monocytes"
"1271","CD14+ Monocytes"
"1272","CD4 T cells"
"1273","HEK cells"
"1274","CD8 T cells"
"1275","HEK cells"
"1276","CD8 T cells"
"1277","NK cells"
"1278","CD14+ Monocytes"
"1279","CD14+ Monocytes"
"1280","CD14+ Monocytes"
"1281","HEK cells"
"1282","NK cells"
"1283","HEK cells"
"1284","CD14+ Monocytes"
"1285","CD4 T cells"
"1286","CD4 T cells"
"1287","CD4 T cells"
"1288","CD14+ Monocytes"
"1289","CD4 T cells"
"1290","HEK cells"
"1291","CD4 T cells"
"1292","CD4 T cells"
"1293","NK cells"
"1294","CD8 T cells"
"1295","CD4 T cells"
"1296","CD4 T cells"
"1297","CD14+ Monocytes"
"1298","HEK cells"
"1299","FCGR3A+ Monocytes"
"1300","CD4 T cells"
"1301","FCGR3A+ Monocytes"
"1302","CD8 T cells"
"1303","CD4 T cells"
"1304","HEK cells"
"1305","CD4 T cells"
"1306","CD8 T cells"
"1307","FCGR3A+ Monocytes"
"1308","CD4 T cells"
"1309","FCGR3A+ Monocytes"
"1310","HEK cells"
"1311","CD4 T cells"
"1312","CD14+ Monocytes"
"1313","HEK cells"
"1314","CD14+ Monocytes"
"1315","HEK cells"
"1316","CD4 T cells"
"1317","CD4 T cells"
"1318","CD14+ Monocytes"
"1319","CD4 T cells"
"1320","HEK cells"
"1321","HEK cells"
"1322","HEK cells"
"1323","CD4 T cells"
"1324","CD4 T cells"
"1325","HEK cells"
"1326","CD4 T cells"
"1327","B cells"
"1328","CD4 T cells"
"1329","NK cells"
"1330","CD4 T cells"
"1331","CD4 T cells"
"1332","CD14+ Monocytes"
"1333","CD14+ Monocytes"
"1334","CD4 T cells"
"1335","CD4 T cells"
"1336","B cells"
"1337","HEK cells"
"1338","CD4 T cells"
"1339","NK cells"
"1340","CD14+ Monocytes"
"1341","B cells"
"1342","CD4 T cells"
"1343","CD4 T cells"
"1344","CD8 T cells"
"1345","CD14+ Monocytes"
"1346","CD4 T cells"
"1347","CD8 T cells"
"1348","CD8 T cells"
"1349","HEK cells"
"1350","CD4 T cells"
"1351","B cells"
"1352","CD8 T cells"
"1353","CD4 T cells"
"1354","CD8 T cells"
"1355","FCGR3A+ Monocytes"
"1356","CD4 T cells"
"1357","B cells"
"1358","CD14+ Monocytes"
"1359","NK cells"
"1360","Dendritic cells"
"1361","CD4 T cells"
"1362","HEK cells"
"1363","CD8 T cells"
"1364","CD4 T cells"
"1365","CD4 T cells"
"1366","CD4 T cells"
"1367","CD8 T cells"
"1368","CD8 T cells"
"1369","HEK cells"
"1370","CD4 T cells"
"1371","CD8 T cells"
"1372","CD8 T cells"
"1373","CD4 T cells"
"1374","CD4 T cells"
"1375","CD14+ Monocytes"
"1376","FCGR3A+ Monocytes"
"1377","HEK cells"
"1378","CD4 T cells"
"1379","CD8 T cells"
"1380","CD4 T cells"
"1381","NK cells"
"1382","FCGR3A+ Monocytes"
"1383","CD14+ Monocytes"
"1384","HEK cells"
"1385","HEK cells"
"1386","CD14+ Monocytes"
"1387","NK cells"
"1388","NK cells"
"1389","CD14+ Monocytes"
"1390","CD4 T cells"
"1391","HEK cells"
"1392","HEK cells"
"1393","HEK cells"
"1394","CD8 T cells"
"1395","NK cells"
"1396","CD4 T cells"
"1397","B cells"
"1398","CD14+ Monocytes"
"1399","FCGR3A+ Monocytes"
"1400","B cells"
"1401","CD4 T cells"
"1402","CD14+ Monocytes"
"1403","CD4 T cells"
"1404","CD4 T cells"
"1405","CD4 T cells"
"1406","CD14+ Monocytes"
"1407","CD8 T cells"
"1408","CD4 T cells"
"1409","B cells"
"1410","CD8 T cells"
"1411","CD4 T cells"
"1412","CD4 T cells"
"1413","CD8 T cells"
"1414","CD8 T cells"
"1415","CD4 T cells"
"1416","CD8 T cells"
"1417","CD14+ Monocytes"
"1418","B cells"
"1419","CD8 T cells"
"1420","Dendritic cells"
"1421","HEK cells"
"1422","CD8 T cells"
"1423","B cells"
"1424","B cells"
"1425","B cells"
"1426","CD14+ Monocytes"
"1427","CD14+ Monocytes"
"1428","CD4 T cells"
"1429","CD4 T cells"
"1430","CD4 T cells"
"1431","HEK cells"
"1432","CD8 T cells"
"1433","CD4 T cells"
"1434","Megakaryocytes"
"1435","B cells"
"1436","CD14+ Monocytes"
"1437","CD14+ Monocytes"
"1438","FCGR3A+ Monocytes"
"1439","CD8 T cells"
"1440","CD4 T cells"
"1441","CD8 T cells"
"1442","B cells"
"1443","FCGR3A+ Monocytes"
"1444","FCGR3A+ Monocytes"
"1445","CD14+ Monocytes"
"1446","CD14+ Monocytes"
"1447","CD4 T cells"
"1448","CD8 T cells"
"1449","CD4 T cells"
"1450","CD8 T cells"
"1451","CD14+ Monocytes"
"1452","CD4 T cells"
"1453","CD4 T cells"
"1454","HEK cells"
"1455","CD4 T cells"
"1456","CD14+ Monocytes"
"1457","CD4 T cells"
"1458","CD14+ Monocytes"
"1459","NK cells"
"1460","HEK cells"
"1461","CD14+ Monocytes"
"1462","CD4 T cells"
"1463","CD4 T cells"
"1464","HEK cells"
"1465","B cells"
"1466","FCGR3A+ Monocytes"
"1467","HEK cells"
"1468","CD14+ Monocytes"
"1469","CD4 T cells"
"1470","CD14+ Monocytes"
"1471","CD14+ Monocytes"
"1472","CD4 T cells"
"1473","CD4 T cells"
"1474","CD4 T cells"
"1475","CD4 T cells"
"1476","CD14+ Monocytes"
"1477","FCGR3A+ Monocytes"
"1478","HEK cells"
"1479","CD4 T cells"
"1480","CD14+ Monocytes"
"1481","CD8 T cells"
