"","x"
"1","CD4 T cells"
"2","HEK cells"
"3","CD8 T cells"
"4","CD14+ Monocytes"
"5","CD8 T cells"
"6","CD4 T cells"
"7","HEK cells"
"8","FCGR3A+ Monocytes"
"9","FCGR3A+ Monocytes"
"10","CD14+ Monocytes"
"11","CD4 T cells"
"12","B cells"
"13","HEK cells"
"14","B cells"
"15","B cells"
"16","CD8 T cells"
"17","NK cells"
"18","HEK cells"
"19","NK cells"
"20","B cells"
"21","CD8 T cells"
"22","CD4 T cells"
"23","B cells"
"24","CD8 T cells"
"25","CD8 T cells"
"26","CD14+ Monocytes"
"27","CD4 T cells"
"28","B cells"
"29","B cells"
"30","CD8 T cells"
"31","CD4 T cells"
"32","CD4 T cells"
"33","CD4 T cells"
"34","CD14+ Monocytes"
"35","B cells"
"36","B cells"
"37","CD8 T cells"
"38","NK cells"
"39","CD4 T cells"
"40","HEK cells"
"41","HEK cells"
"42","HEK cells"
"43","CD14+ Monocytes"
"44","HEK cells"
"45","CD14+ Monocytes"
"46","HEK cells"
"47","CD4 T cells"
"48","CD14+ Monocytes"
"49","CD4 T cells"
"50","CD4 T cells"
"51","HEK cells"
"52","HEK cells"
"53","CD14+ Monocytes"
"54","CD14+ Monocytes"
"55","CD4 T cells"
"56","NK cells"
"57","B cells"
"58","CD4 T cells"
"59","HEK cells"
"60","CD14+ Monocytes"
"61","CD14+ Monocytes"
"62","CD14+ Monocytes"
"63","CD8 T cells"
"64","CD4 T cells"
"65","CD4 T cells"
"66","CD4 T cells"
"67","Dendritic cells"
"68","NK cells"
"69","HEK cells"
"70","CD4 T cells"
"71","CD4 T cells"
"72","HEK cells"
"73","CD14+ Monocytes"
"74","CD14+ Monocytes"
"75","HEK cells"
"76","CD4 T cells"
"77","B cells"
"78","Dendritic cells"
"79","CD8 T cells"
"80","CD4 T cells"
"81","CD4 T cells"
"82","CD8 T cells"
"83","B cells"
"84","CD4 T cells"
"85","HEK cells"
"86","NK cells"
"87","B cells"
"88","HEK cells"
"89","HEK cells"
"90","CD14+ Monocytes"
"91","CD8 T cells"
"92","CD8 T cells"
"93","CD4 T cells"
"94","CD14+ Monocytes"
"95","CD14+ Monocytes"
"96","CD14+ Monocytes"
"97","CD4 T cells"
"98","CD4 T cells"
"99","B cells"
"100","NK cells"
"101","CD4 T cells"
"102","B cells"
"103","B cells"
"104","CD4 T cells"
"105","HEK cells"
"106","NK cells"
"107","HEK cells"
"108","HEK cells"
"109","CD14+ Monocytes"
"110","B cells"
"111","NK cells"
"112","CD4 T cells"
"113","CD4 T cells"
"114","HEK cells"
"115","CD4 T cells"
"116","CD14+ Monocytes"
"117","CD4 T cells"
"118","CD14+ Monocytes"
"119","B cells"
"120","CD4 T cells"
"121","CD4 T cells"
"122","CD4 T cells"
"123","CD14+ Monocytes"
"124","CD4 T cells"
"125","CD4 T cells"
"126","CD14+ Monocytes"
"127","CD8 T cells"
"128","CD4 T cells"
"129","CD4 T cells"
"130","CD8 T cells"
"131","CD4 T cells"
"132","HEK cells"
"133","CD4 T cells"
"134","Dendritic cells"
"135","CD4 T cells"
"136","NK cells"
"137","CD4 T cells"
"138","HEK cells"
"139","CD14+ Monocytes"
"140","CD14+ Monocytes"
"141","CD14+ Monocytes"
"142","NK cells"
"143","Dendritic cells"
"144","B cells"
"145","B cells"
"146","CD14+ Monocytes"
"147","CD14+ Monocytes"
"148","CD4 T cells"
"149","CD4 T cells"
"150","HEK cells"
"151","NK cells"
"152","CD4 T cells"
"153","CD8 T cells"
"154","CD4 T cells"
"155","CD4 T cells"
"156","CD8 T cells"
"157","HEK cells"
"158","B cells"
"159","CD4 T cells"
"160","CD4 T cells"
"161","CD4 T cells"
"162","CD4 T cells"
"163","CD14+ Monocytes"
"164","CD4 T cells"
"165","HEK cells"
"166","CD4 T cells"
"167","CD14+ Monocytes"
"168","HEK cells"
"169","CD4 T cells"
"170","HEK cells"
"171","CD8 T cells"
"172","B cells"
"173","HEK cells"
"174","FCGR3A+ Monocytes"
"175","CD4 T cells"
"176","B cells"
"177","CD14+ Monocytes"
"178","CD14+ Monocytes"
"179","CD14+ Monocytes"
"180","CD14+ Monocytes"
"181","B cells"
"182","CD4 T cells"
"183","NK cells"
"184","CD14+ Monocytes"
"185","CD14+ Monocytes"
"186","CD14+ Monocytes"
"187","Dendritic cells"
"188","CD4 T cells"
"189","CD4 T cells"
"190","HEK cells"
"191","CD4 T cells"
"192","Dendritic cells"
"193","CD14+ Monocytes"
"194","CD4 T cells"
"195","CD14+ Monocytes"
"196","CD4 T cells"
"197","CD4 T cells"
"198","NK cells"
"199","CD8 T cells"
"200","B cells"
"201","CD8 T cells"
"202","NK cells"
"203","B cells"
"204","HEK cells"
"205","CD4 T cells"
"206","FCGR3A+ Monocytes"
"207","CD4 T cells"
"208","HEK cells"
"209","CD4 T cells"
"210","FCGR3A+ Monocytes"
"211","HEK cells"
"212","B cells"
"213","CD4 T cells"
"214","NK cells"
"215","CD14+ Monocytes"
"216","CD4 T cells"
"217","CD4 T cells"
"218","CD4 T cells"
"219","B cells"
"220","CD14+ Monocytes"
"221","B cells"
"222","FCGR3A+ Monocytes"
"223","CD14+ Monocytes"
"224","HEK cells"
"225","CD14+ Monocytes"
"226","CD14+ Monocytes"
"227","CD4 T cells"
"228","CD4 T cells"
"229","HEK cells"
"230","CD8 T cells"
"231","CD4 T cells"
"232","HEK cells"
"233","CD4 T cells"
"234","HEK cells"
"235","HEK cells"
"236","CD4 T cells"
"237","HEK cells"
"238","CD14+ Monocytes"
"239","CD4 T cells"
"240","CD14+ Monocytes"
"241","CD14+ Monocytes"
"242","CD4 T cells"
"243","HEK cells"
"244","B cells"
"245","CD8 T cells"
"246","CD4 T cells"
"247","CD14+ Monocytes"
"248","CD8 T cells"
"249","CD8 T cells"
"250","B cells"
"251","CD8 T cells"
"252","FCGR3A+ Monocytes"
"253","CD4 T cells"
"254","CD4 T cells"
"255","CD4 T cells"
"256","NK cells"
"257","HEK cells"
"258","HEK cells"
"259","HEK cells"
"260","FCGR3A+ Monocytes"
"261","HEK cells"
"262","HEK cells"
"263","CD8 T cells"
"264","CD14+ Monocytes"
"265","HEK cells"
"266","CD14+ Monocytes"
"267","HEK cells"
"268","CD4 T cells"
"269","Dendritic cells"
"270","HEK cells"
"271","CD14+ Monocytes"
"272","HEK cells"
"273","CD14+ Monocytes"
"274","CD8 T cells"
"275","NK cells"
"276","CD14+ Monocytes"
"277","B cells"
"278","B cells"
"279","CD14+ Monocytes"
"280","CD4 T cells"
"281","HEK cells"
"282","HEK cells"
"283","CD14+ Monocytes"
"284","CD4 T cells"
"285","CD14+ Monocytes"
"286","HEK cells"
"287","CD4 T cells"
"288","HEK cells"
"289","CD14+ Monocytes"
"290","CD4 T cells"
"291","CD4 T cells"
"292","CD14+ Monocytes"
"293","HEK cells"
"294","CD14+ Monocytes"
"295","Dendritic cells"
"296","CD4 T cells"
"297","CD4 T cells"
"298","B cells"
"299","Dendritic cells"
"300","HEK cells"
"301","CD4 T cells"
"302","HEK cells"
"303","HEK cells"
"304","HEK cells"
"305","HEK cells"
"306","HEK cells"
"307","CD8 T cells"
"308","CD8 T cells"
"309","CD14+ Monocytes"
"310","CD8 T cells"
"311","CD4 T cells"
"312","HEK cells"
"313","CD4 T cells"
"314","HEK cells"
"315","CD8 T cells"
"316","CD14+ Monocytes"
"317","CD14+ Monocytes"
"318","B cells"
"319","HEK cells"
"320","HEK cells"
"321","B cells"
"322","Dendritic cells"
"323","CD14+ Monocytes"
"324","HEK cells"
"325","CD8 T cells"
"326","HEK cells"
"327","Dendritic cells"
"328","HEK cells"
"329","CD14+ Monocytes"
"330","CD14+ Monocytes"
"331","CD14+ Monocytes"
"332","CD14+ Monocytes"
"333","CD14+ Monocytes"
"334","CD8 T cells"
"335","CD14+ Monocytes"
"336","CD4 T cells"
"337","CD4 T cells"
"338","CD14+ Monocytes"
"339","NK cells"
"340","HEK cells"
"341","FCGR3A+ Monocytes"
"342","CD14+ Monocytes"
"343","CD4 T cells"
"344","HEK cells"
"345","HEK cells"
"346","HEK cells"
"347","FCGR3A+ Monocytes"
"348","HEK cells"
"349","CD8 T cells"
"350","CD8 T cells"
"351","CD4 T cells"
"352","CD8 T cells"
"353","CD14+ Monocytes"
"354","CD14+ Monocytes"
"355","CD8 T cells"
"356","CD4 T cells"
"357","HEK cells"
"358","CD4 T cells"
"359","HEK cells"
"360","CD4 T cells"
"361","CD4 T cells"
"362","CD4 T cells"
"363","CD8 T cells"
"364","CD4 T cells"
"365","HEK cells"
"366","NK cells"
"367","CD14+ Monocytes"
"368","HEK cells"
"369","CD14+ Monocytes"
"370","CD8 T cells"
"371","HEK cells"
"372","NK cells"
"373","B cells"
"374","FCGR3A+ Monocytes"
"375","HEK cells"
"376","CD4 T cells"
"377","CD4 T cells"
"378","CD4 T cells"
"379","HEK cells"
"380","CD4 T cells"
"381","CD4 T cells"
"382","CD14+ Monocytes"
"383","CD4 T cells"
"384","CD4 T cells"
"385","HEK cells"
"386","HEK cells"
"387","HEK cells"
"388","HEK cells"
"389","Dendritic cells"
"390","NK cells"
"391","CD4 T cells"
"392","CD8 T cells"
"393","B cells"
"394","CD8 T cells"
"395","Megakaryocytes"
"396","NK cells"
"397","CD14+ Monocytes"
"398","HEK cells"
"399","CD4 T cells"
"400","CD14+ Monocytes"
"401","B cells"
"402","CD4 T cells"
"403","HEK cells"
"404","HEK cells"
"405","HEK cells"
"406","CD8 T cells"
"407","HEK cells"
"408","HEK cells"
"409","HEK cells"
"410","B cells"
"411","HEK cells"
"412","CD4 T cells"
"413","B cells"
"414","HEK cells"
"415","HEK cells"
"416","CD8 T cells"
"417","HEK cells"
"418","B cells"
"419","CD8 T cells"
"420","CD4 T cells"
"421","CD14+ Monocytes"
"422","B cells"
"423","B cells"
"424","CD4 T cells"
"425","HEK cells"
"426","CD8 T cells"
"427","B cells"
"428","HEK cells"
"429","HEK cells"
"430","HEK cells"
"431","FCGR3A+ Monocytes"
"432","CD14+ Monocytes"
"433","CD8 T cells"
"434","CD14+ Monocytes"
"435","HEK cells"
"436","HEK cells"
"437","CD14+ Monocytes"
"438","CD14+ Monocytes"
"439","CD14+ Monocytes"
"440","B cells"
"441","CD4 T cells"
"442","CD4 T cells"
"443","CD14+ Monocytes"
"444","CD4 T cells"
"445","HEK cells"
"446","CD4 T cells"
"447","Dendritic cells"
"448","CD8 T cells"
"449","HEK cells"
"450","CD4 T cells"
"451","CD4 T cells"
"452","CD4 T cells"
"453","CD4 T cells"
"454","HEK cells"
"455","Dendritic cells"
"456","CD8 T cells"
"457","CD14+ Monocytes"
"458","CD4 T cells"
"459","CD14+ Monocytes"
"460","B cells"
"461","HEK cells"
"462","CD8 T cells"
"463","HEK cells"
"464","CD4 T cells"
"465","HEK cells"
"466","HEK cells"
"467","HEK cells"
"468","CD14+ Monocytes"
"469","CD14+ Monocytes"
"470","CD14+ Monocytes"
"471","CD14+ Monocytes"
"472","CD4 T cells"
"473","CD4 T cells"
"474","CD4 T cells"
"475","CD8 T cells"
"476","CD4 T cells"
"477","CD14+ Monocytes"
"478","FCGR3A+ Monocytes"
"479","CD8 T cells"
"480","Dendritic cells"
"481","CD4 T cells"
"482","HEK cells"
"483","FCGR3A+ Monocytes"
"484","CD14+ Monocytes"
"485","HEK cells"
"486","CD4 T cells"
"487","CD4 T cells"
"488","CD14+ Monocytes"
"489","CD8 T cells"
"490","CD4 T cells"
"491","CD14+ Monocytes"
"492","CD14+ Monocytes"
"493","CD4 T cells"
"494","CD8 T cells"
"495","CD14+ Monocytes"
"496","CD4 T cells"
"497","HEK cells"
"498","B cells"
"499","HEK cells"
"500","CD8 T cells"
"501","CD8 T cells"
"502","CD4 T cells"
"503","CD4 T cells"
"504","Dendritic cells"
"505","CD8 T cells"
"506","Dendritic cells"
"507","CD4 T cells"
"508","CD8 T cells"
"509","CD4 T cells"
"510","NK cells"
"511","CD8 T cells"
"512","CD4 T cells"
"513","CD8 T cells"
"514","CD4 T cells"
"515","CD4 T cells"
"516","CD4 T cells"
"517","NK cells"
"518","CD4 T cells"
"519","CD8 T cells"
"520","CD14+ Monocytes"
"521","CD14+ Monocytes"
"522","B cells"
"523","CD14+ Monocytes"
"524","CD4 T cells"
"525","NK cells"
"526","CD4 T cells"
"527","NK cells"
"528","B cells"
"529","CD8 T cells"
"530","CD4 T cells"
"531","CD8 T cells"
"532","NK cells"
"533","HEK cells"
"534","CD4 T cells"
"535","HEK cells"
"536","CD4 T cells"
"537","CD4 T cells"
"538","CD4 T cells"
"539","CD8 T cells"
"540","CD14+ Monocytes"
"541","HEK cells"
"542","FCGR3A+ Monocytes"
"543","CD4 T cells"
"544","FCGR3A+ Monocytes"
"545","CD8 T cells"
"546","CD4 T cells"
"547","CD8 T cells"
"548","CD4 T cells"
"549","HEK cells"
"550","HEK cells"
"551","B cells"
"552","B cells"
"553","CD4 T cells"
"554","B cells"
"555","CD14+ Monocytes"
"556","HEK cells"
"557","CD4 T cells"
"558","B cells"
"559","B cells"
"560","CD4 T cells"
"561","CD8 T cells"
"562","CD4 T cells"
"563","CD4 T cells"
"564","NK cells"
"565","CD14+ Monocytes"
"566","NK cells"
"567","CD8 T cells"
"568","CD8 T cells"
"569","CD4 T cells"
"570","CD4 T cells"
"571","CD4 T cells"
"572","CD4 T cells"
"573","CD14+ Monocytes"
"574","CD14+ Monocytes"
"575","CD4 T cells"
"576","CD14+ Monocytes"
"577","CD8 T cells"
"578","CD4 T cells"
"579","B cells"
"580","FCGR3A+ Monocytes"
"581","CD14+ Monocytes"
"582","B cells"
"583","CD14+ Monocytes"
"584","CD14+ Monocytes"
"585","CD14+ Monocytes"
"586","FCGR3A+ Monocytes"
"587","CD14+ Monocytes"
"588","NK cells"
"589","CD8 T cells"
"590","CD14+ Monocytes"
"591","FCGR3A+ Monocytes"
"592","CD14+ Monocytes"
"593","CD14+ Monocytes"
"594","CD14+ Monocytes"
"595","NK cells"
"596","CD14+ Monocytes"
"597","CD8 T cells"
"598","CD4 T cells"
"599","CD14+ Monocytes"
"600","NK cells"
"601","CD4 T cells"
"602","NK cells"
"603","FCGR3A+ Monocytes"
"604","CD4 T cells"
"605","CD14+ Monocytes"
"606","FCGR3A+ Monocytes"
"607","CD4 T cells"
"608","CD4 T cells"
"609","CD14+ Monocytes"
"610","FCGR3A+ Monocytes"
"611","B cells"
"612","NK cells"
"613","CD14+ Monocytes"
"614","CD14+ Monocytes"
"615","CD14+ Monocytes"
"616","CD14+ Monocytes"
"617","CD14+ Monocytes"
"618","CD14+ Monocytes"
"619","CD14+ Monocytes"
"620","HEK cells"
"621","CD14+ Monocytes"
"622","CD4 T cells"
"623","CD4 T cells"
"624","CD4 T cells"
"625","CD14+ Monocytes"
"626","CD4 T cells"
"627","CD8 T cells"
"628","CD4 T cells"
"629","CD8 T cells"
"630","CD14+ Monocytes"
"631","CD14+ Monocytes"
"632","CD4 T cells"
"633","CD4 T cells"
"634","CD14+ Monocytes"
"635","CD14+ Monocytes"
"636","CD14+ Monocytes"
"637","NK cells"
"638","CD14+ Monocytes"
"639","CD14+ Monocytes"
"640","CD14+ Monocytes"
"641","NK cells"
"642","CD14+ Monocytes"
"643","CD4 T cells"
"644","CD14+ Monocytes"
"645","HEK cells"
"646","NK cells"
"647","NK cells"
"648","HEK cells"
"649","CD4 T cells"
"650","CD4 T cells"
"651","B cells"
"652","B cells"
"653","FCGR3A+ Monocytes"
"654","CD8 T cells"
"655","CD14+ Monocytes"
"656","CD4 T cells"
"657","CD8 T cells"
"658","HEK cells"
"659","CD14+ Monocytes"
"660","CD8 T cells"
"661","CD4 T cells"
"662","FCGR3A+ Monocytes"
"663","CD4 T cells"
"664","CD8 T cells"
"665","CD4 T cells"
"666","CD4 T cells"
"667","CD8 T cells"
"668","NK cells"
"669","FCGR3A+ Monocytes"
"670","CD4 T cells"
"671","NK cells"
"672","B cells"
"673","CD8 T cells"
"674","HEK cells"
"675","CD4 T cells"
"676","HEK cells"
"677","CD4 T cells"
"678","CD8 T cells"
"679","CD4 T cells"
"680","CD8 T cells"
"681","NK cells"
"682","CD14+ Monocytes"
"683","NK cells"
"684","CD14+ Monocytes"
"685","CD8 T cells"
"686","FCGR3A+ Monocytes"
"687","CD14+ Monocytes"
"688","CD4 T cells"
"689","CD4 T cells"
"690","CD14+ Monocytes"
"691","CD4 T cells"
"692","HEK cells"
"693","CD4 T cells"
"694","CD4 T cells"
"695","CD14+ Monocytes"
"696","CD14+ Monocytes"
"697","B cells"
"698","CD14+ Monocytes"
"699","CD8 T cells"
"700","B cells"
"701","FCGR3A+ Monocytes"
"702","CD14+ Monocytes"
"703","FCGR3A+ Monocytes"
"704","CD4 T cells"
"705","Dendritic cells"
"706","CD4 T cells"
"707","CD4 T cells"
"708","HEK cells"
"709","NK cells"
"710","CD14+ Monocytes"
"711","CD14+ Monocytes"
"712","HEK cells"
"713","B cells"
"714","CD14+ Monocytes"
"715","HEK cells"
"716","CD4 T cells"
"717","NK cells"
"718","CD8 T cells"
"719","CD4 T cells"
"720","CD14+ Monocytes"
"721","FCGR3A+ Monocytes"
"722","CD8 T cells"
"723","NK cells"
"724","CD14+ Monocytes"
"725","CD14+ Monocytes"
"726","CD8 T cells"
"727","CD14+ Monocytes"
"728","CD4 T cells"
"729","CD4 T cells"
"730","CD4 T cells"
"731","CD4 T cells"
"732","CD14+ Monocytes"
"733","CD4 T cells"
"734","CD8 T cells"
"735","B cells"
"736","FCGR3A+ Monocytes"
"737","CD4 T cells"
"738","CD14+ Monocytes"
"739","CD14+ Monocytes"
"740","HEK cells"
"741","FCGR3A+ Monocytes"
"742","CD4 T cells"
"743","CD14+ Monocytes"
"744","CD4 T cells"
"745","FCGR3A+ Monocytes"
"746","FCGR3A+ Monocytes"
"747","CD14+ Monocytes"
"748","CD4 T cells"
"749","FCGR3A+ Monocytes"
"750","CD4 T cells"
"751","B cells"
"752","HEK cells"
"753","CD4 T cells"
"754","CD14+ Monocytes"
"755","B cells"
"756","HEK cells"
"757","CD14+ Monocytes"
"758","CD4 T cells"
"759","CD14+ Monocytes"
"760","CD8 T cells"
"761","CD4 T cells"
"762","CD8 T cells"
"763","CD4 T cells"
"764","B cells"
"765","CD4 T cells"
"766","NK cells"
"767","NK cells"
"768","CD4 T cells"
"769","CD14+ Monocytes"
"770","CD4 T cells"
"771","CD4 T cells"
"772","B cells"
"773","B cells"
"774","HEK cells"
"775","CD8 T cells"
"776","B cells"
"777","HEK cells"
"778","CD4 T cells"
"779","CD14+ Monocytes"
"780","CD14+ Monocytes"
"781","CD8 T cells"
"782","CD14+ Monocytes"
"783","CD14+ Monocytes"
"784","CD14+ Monocytes"
"785","CD4 T cells"
"786","HEK cells"
"787","HEK cells"
"788","CD8 T cells"
"789","HEK cells"
"790","HEK cells"
"791","CD8 T cells"
"792","FCGR3A+ Monocytes"
"793","CD8 T cells"
"794","CD4 T cells"
"795","CD4 T cells"
"796","HEK cells"
"797","CD14+ Monocytes"
"798","NK cells"
"799","CD14+ Monocytes"
"800","FCGR3A+ Monocytes"
"801","CD4 T cells"
"802","CD4 T cells"
"803","HEK cells"
"804","CD8 T cells"
"805","CD8 T cells"
"806","B cells"
"807","CD8 T cells"
"808","CD4 T cells"
"809","HEK cells"
"810","CD4 T cells"
"811","HEK cells"
"812","Dendritic cells"
"813","B cells"
"814","FCGR3A+ Monocytes"
"815","CD4 T cells"
"816","FCGR3A+ Monocytes"
"817","CD14+ Monocytes"
"818","NK cells"
"819","NK cells"
"820","CD4 T cells"
"821","NK cells"
"822","HEK cells"
"823","CD4 T cells"
"824","HEK cells"
"825","HEK cells"
"826","CD8 T cells"
"827","CD14+ Monocytes"
"828","HEK cells"
"829","CD8 T cells"
"830","CD8 T cells"
"831","CD8 T cells"
"832","HEK cells"
"833","CD4 T cells"
"834","HEK cells"
"835","CD4 T cells"
"836","HEK cells"
"837","HEK cells"
"838","CD14+ Monocytes"
"839","HEK cells"
"840","HEK cells"
"841","CD4 T cells"
"842","NK cells"
"843","HEK cells"
"844","CD8 T cells"
"845","FCGR3A+ Monocytes"
"846","CD14+ Monocytes"
"847","CD4 T cells"
"848","CD4 T cells"
"849","CD4 T cells"
"850","CD8 T cells"
"851","HEK cells"
"852","CD4 T cells"
"853","CD14+ Monocytes"
"854","FCGR3A+ Monocytes"
"855","CD8 T cells"
"856","Dendritic cells"
"857","CD4 T cells"
"858","CD4 T cells"
"859","CD14+ Monocytes"
"860","CD8 T cells"
"861","CD14+ Monocytes"
"862","CD4 T cells"
"863","NK cells"
"864","CD8 T cells"
"865","CD4 T cells"
"866","CD8 T cells"
"867","CD4 T cells"
"868","CD4 T cells"
"869","HEK cells"
"870","CD4 T cells"
"871","B cells"
"872","CD8 T cells"
"873","CD14+ Monocytes"
"874","CD4 T cells"
"875","CD4 T cells"
"876","B cells"
"877","CD4 T cells"
"878","CD4 T cells"
"879","CD4 T cells"
"880","B cells"
"881","CD4 T cells"
"882","HEK cells"
"883","CD8 T cells"
"884","CD14+ Monocytes"
"885","CD14+ Monocytes"
"886","CD14+ Monocytes"
"887","CD14+ Monocytes"
"888","CD8 T cells"
"889","NK cells"
"890","B cells"
"891","CD4 T cells"
"892","CD8 T cells"
"893","CD14+ Monocytes"
"894","NK cells"
"895","Megakaryocytes"
"896","CD4 T cells"
"897","CD4 T cells"
"898","Dendritic cells"
"899","Dendritic cells"
"900","Dendritic cells"
"901","CD4 T cells"
"902","B cells"
"903","NK cells"
"904","HEK cells"
"905","HEK cells"
"906","CD4 T cells"
"907","HEK cells"
"908","HEK cells"
"909","CD8 T cells"
"910","HEK cells"
"911","HEK cells"
"912","CD14+ Monocytes"
"913","Dendritic cells"
"914","FCGR3A+ Monocytes"
"915","FCGR3A+ Monocytes"
"916","CD14+ Monocytes"
"917","NK cells"
"918","NK cells"
"919","NK cells"
"920","Dendritic cells"
"921","CD4 T cells"
"922","NK cells"
"923","FCGR3A+ Monocytes"
"924","CD4 T cells"
"925","CD14+ Monocytes"
"926","CD4 T cells"
"927","CD8 T cells"
"928","CD8 T cells"
"929","FCGR3A+ Monocytes"
"930","Megakaryocytes"
"931","CD14+ Monocytes"
"932","CD14+ Monocytes"
"933","HEK cells"
"934","NK cells"
"935","HEK cells"
"936","B cells"
"937","B cells"
"938","CD14+ Monocytes"
"939","CD14+ Monocytes"
"940","CD14+ Monocytes"
"941","CD4 T cells"
"942","CD8 T cells"
"943","CD4 T cells"
"944","B cells"
"945","NK cells"
"946","B cells"
"947","CD14+ Monocytes"
"948","Dendritic cells"
"949","FCGR3A+ Monocytes"
"950","FCGR3A+ Monocytes"
"951","CD8 T cells"
"952","CD4 T cells"
"953","HEK cells"
"954","CD4 T cells"
"955","CD14+ Monocytes"
"956","CD14+ Monocytes"
"957","HEK cells"
"958","CD4 T cells"
"959","CD4 T cells"
"960","HEK cells"
"961","HEK cells"
"962","NK cells"
"963","CD4 T cells"
"964","CD14+ Monocytes"
"965","CD8 T cells"
"966","CD14+ Monocytes"
"967","FCGR3A+ Monocytes"
"968","CD8 T cells"
"969","CD14+ Monocytes"
"970","CD14+ Monocytes"
"971","CD14+ Monocytes"
"972","B cells"
"973","NK cells"
"974","CD4 T cells"
"975","CD14+ Monocytes"
"976","CD8 T cells"
"977","CD14+ Monocytes"
"978","FCGR3A+ Monocytes"
"979","CD14+ Monocytes"
"980","CD4 T cells"
"981","CD8 T cells"
"982","CD8 T cells"
"983","CD8 T cells"
"984","CD8 T cells"
"985","CD4 T cells"
"986","CD4 T cells"
"987","B cells"
"988","B cells"
"989","CD14+ Monocytes"
"990","CD8 T cells"
"991","Dendritic cells"
"992","NK cells"
"993","CD4 T cells"
"994","NK cells"
"995","Dendritic cells"
"996","B cells"
"997","CD4 T cells"
"998","CD14+ Monocytes"
"999","CD8 T cells"
"1000","NK cells"
"1001","CD4 T cells"
"1002","CD4 T cells"
"1003","CD4 T cells"
"1004","NK cells"
"1005","CD4 T cells"
"1006","FCGR3A+ Monocytes"
"1007","HEK cells"
"1008","CD4 T cells"
"1009","CD8 T cells"
"1010","CD14+ Monocytes"
"1011","CD4 T cells"
"1012","CD4 T cells"
"1013","CD14+ Monocytes"
"1014","CD4 T cells"
"1015","B cells"
"1016","CD4 T cells"
"1017","B cells"
"1018","FCGR3A+ Monocytes"
"1019","CD8 T cells"
"1020","HEK cells"
"1021","CD4 T cells"
"1022","CD14+ Monocytes"
"1023","B cells"
"1024","FCGR3A+ Monocytes"
"1025","CD14+ Monocytes"
"1026","CD4 T cells"
"1027","FCGR3A+ Monocytes"
"1028","CD14+ Monocytes"
"1029","CD8 T cells"
"1030","CD4 T cells"
"1031","CD4 T cells"
"1032","CD14+ Monocytes"
"1033","CD14+ Monocytes"
"1034","B cells"
"1035","CD14+ Monocytes"
"1036","CD14+ Monocytes"
"1037","CD14+ Monocytes"
"1038","CD14+ Monocytes"
"1039","CD8 T cells"
"1040","CD8 T cells"
"1041","CD4 T cells"
"1042","CD8 T cells"
"1043","HEK cells"
"1044","CD8 T cells"
"1045","CD8 T cells"
"1046","CD14+ Monocytes"
"1047","CD14+ Monocytes"
"1048","FCGR3A+ Monocytes"
"1049","CD4 T cells"
"1050","CD8 T cells"
"1051","B cells"
"1052","B cells"
"1053","NK cells"
"1054","FCGR3A+ Monocytes"
"1055","NK cells"
"1056","CD4 T cells"
"1057","CD4 T cells"
"1058","CD14+ Monocytes"
"1059","CD14+ Monocytes"
"1060","CD4 T cells"
"1061","CD14+ Monocytes"
"1062","CD4 T cells"
"1063","CD4 T cells"
"1064","CD4 T cells"
"1065","HEK cells"
"1066","B cells"
"1067","CD14+ Monocytes"
"1068","B cells"
"1069","CD14+ Monocytes"
"1070","CD14+ Monocytes"
"1071","CD14+ Monocytes"
"1072","NK cells"
"1073","CD14+ Monocytes"
"1074","CD4 T cells"
"1075","CD14+ Monocytes"
"1076","CD4 T cells"
"1077","CD4 T cells"
"1078","FCGR3A+ Monocytes"
"1079","CD4 T cells"
"1080","NK cells"
"1081","CD4 T cells"
"1082","CD14+ Monocytes"
"1083","CD14+ Monocytes"
"1084","CD14+ Monocytes"
"1085","CD4 T cells"
"1086","CD14+ Monocytes"
"1087","CD4 T cells"
"1088","CD4 T cells"
"1089","CD4 T cells"
"1090","CD14+ Monocytes"
"1091","Dendritic cells"
"1092","CD14+ Monocytes"
"1093","CD4 T cells"
"1094","CD14+ Monocytes"
"1095","CD4 T cells"
"1096","CD4 T cells"
"1097","FCGR3A+ Monocytes"
"1098","B cells"
"1099","CD14+ Monocytes"
"1100","CD4 T cells"
"1101","CD8 T cells"
"1102","HEK cells"
"1103","CD14+ Monocytes"
"1104","HEK cells"
"1105","CD14+ Monocytes"
"1106","CD4 T cells"
"1107","Dendritic cells"
"1108","CD8 T cells"
"1109","CD4 T cells"
"1110","CD14+ Monocytes"
"1111","CD14+ Monocytes"
"1112","CD14+ Monocytes"
"1113","HEK cells"
"1114","CD14+ Monocytes"
"1115","CD8 T cells"
"1116","CD4 T cells"
"1117","CD14+ Monocytes"
"1118","CD4 T cells"
"1119","CD4 T cells"
"1120","CD4 T cells"
"1121","CD4 T cells"
"1122","B cells"
"1123","CD4 T cells"
"1124","CD4 T cells"
"1125","CD8 T cells"
"1126","CD14+ Monocytes"
"1127","FCGR3A+ Monocytes"
"1128","B cells"
"1129","CD8 T cells"
"1130","CD4 T cells"
"1131","CD8 T cells"
"1132","CD8 T cells"
"1133","CD4 T cells"
"1134","CD4 T cells"
"1135","HEK cells"
"1136","CD4 T cells"
"1137","B cells"
"1138","CD14+ Monocytes"
"1139","CD14+ Monocytes"
"1140","HEK cells"
"1141","CD14+ Monocytes"
"1142","CD4 T cells"
"1143","B cells"
"1144","Dendritic cells"
"1145","FCGR3A+ Monocytes"
"1146","FCGR3A+ Monocytes"
"1147","CD14+ Monocytes"
"1148","CD8 T cells"
"1149","CD14+ Monocytes"
"1150","HEK cells"
"1151","CD8 T cells"
"1152","CD14+ Monocytes"
"1153","CD4 T cells"
"1154","CD14+ Monocytes"
"1155","CD14+ Monocytes"
"1156","CD14+ Monocytes"
"1157","CD4 T cells"
"1158","CD4 T cells"
"1159","CD4 T cells"
"1160","FCGR3A+ Monocytes"
"1161","CD14+ Monocytes"
"1162","CD4 T cells"
"1163","CD8 T cells"
"1164","CD8 T cells"
"1165","B cells"
"1166","NK cells"
"1167","CD4 T cells"
"1168","CD4 T cells"
"1169","CD14+ Monocytes"
"1170","CD4 T cells"
"1171","HEK cells"
"1172","B cells"
"1173","CD8 T cells"
"1174","B cells"
"1175","NK cells"
"1176","CD4 T cells"
"1177","CD8 T cells"
"1178","CD14+ Monocytes"
"1179","HEK cells"
"1180","CD8 T cells"
"1181","CD14+ Monocytes"
"1182","FCGR3A+ Monocytes"
"1183","B cells"
"1184","CD14+ Monocytes"
"1185","NK cells"
"1186","CD4 T cells"
"1187","CD4 T cells"
"1188","NK cells"
"1189","NK cells"
"1190","CD4 T cells"
"1191","CD8 T cells"
"1192","NK cells"
"1193","B cells"
"1194","CD14+ Monocytes"
"1195","CD4 T cells"
"1196","CD14+ Monocytes"
"1197","CD4 T cells"
"1198","CD8 T cells"
"1199","CD4 T cells"
"1200","CD8 T cells"
"1201","CD4 T cells"
"1202","CD8 T cells"
"1203","CD4 T cells"
"1204","CD4 T cells"
"1205","HEK cells"
"1206","FCGR3A+ Monocytes"
"1207","NK cells"
"1208","CD4 T cells"
"1209","HEK cells"
"1210","CD8 T cells"
"1211","FCGR3A+ Monocytes"
"1212","NK cells"
"1213","HEK cells"
"1214","B cells"
"1215","CD14+ Monocytes"
"1216","FCGR3A+ Monocytes"
"1217","CD14+ Monocytes"
"1218","FCGR3A+ Monocytes"
"1219","CD4 T cells"
"1220","CD14+ Monocytes"
"1221","CD14+ Monocytes"
"1222","B cells"
"1223","CD4 T cells"
"1224","NK cells"
"1225","FCGR3A+ Monocytes"
"1226","CD8 T cells"
"1227","FCGR3A+ Monocytes"
"1228","CD4 T cells"
"1229","CD4 T cells"
"1230","CD4 T cells"
"1231","CD4 T cells"
"1232","Dendritic cells"
"1233","CD14+ Monocytes"
"1234","CD14+ Monocytes"
"1235","CD4 T cells"
"1236","FCGR3A+ Monocytes"
"1237","CD4 T cells"
"1238","CD4 T cells"
"1239","HEK cells"
"1240","B cells"
"1241","B cells"
"1242","B cells"
"1243","CD4 T cells"
"1244","CD4 T cells"
"1245","CD14+ Monocytes"
"1246","B cells"
"1247","CD14+ Monocytes"
"1248","FCGR3A+ Monocytes"
"1249","CD8 T cells"
"1250","CD8 T cells"
"1251","Dendritic cells"
"1252","CD4 T cells"
"1253","CD14+ Monocytes"
"1254","CD4 T cells"
"1255","FCGR3A+ Monocytes"
"1256","CD14+ Monocytes"
"1257","CD4 T cells"
"1258","FCGR3A+ Monocytes"
"1259","HEK cells"
"1260","CD8 T cells"
"1261","CD14+ Monocytes"
"1262","CD4 T cells"
"1263","CD8 T cells"
"1264","CD4 T cells"
"1265","FCGR3A+ Monocytes"
"1266","NK cells"
"1267","CD8 T cells"
"1268","CD4 T cells"
"1269","B cells"
"1270","CD8 T cells"
"1271","B cells"
"1272","CD4 T cells"
"1273","CD4 T cells"
"1274","B cells"
"1275","CD14+ Monocytes"
"1276","CD4 T cells"
"1277","B cells"
"1278","CD14+ Monocytes"
"1279","CD8 T cells"
"1280","HEK cells"
"1281","CD4 T cells"
"1282","CD8 T cells"
"1283","CD14+ Monocytes"
"1284","CD8 T cells"
"1285","FCGR3A+ Monocytes"
"1286","FCGR3A+ Monocytes"
"1287","CD14+ Monocytes"
"1288","CD14+ Monocytes"
"1289","CD8 T cells"
"1290","CD8 T cells"
"1291","CD4 T cells"
"1292","HEK cells"
"1293","CD4 T cells"
"1294","CD4 T cells"
"1295","CD4 T cells"
"1296","CD14+ Monocytes"
"1297","CD14+ Monocytes"
"1298","NK cells"
"1299","CD14+ Monocytes"
"1300","B cells"
"1301","CD4 T cells"
"1302","CD4 T cells"
"1303","HEK cells"
"1304","CD4 T cells"
"1305","CD14+ Monocytes"
"1306","B cells"
"1307","CD14+ Monocytes"
"1308","CD14+ Monocytes"
"1309","NK cells"
"1310","HEK cells"
"1311","CD4 T cells"
"1312","CD4 T cells"
"1313","CD8 T cells"
"1314","CD4 T cells"
"1315","CD4 T cells"
"1316","HEK cells"
"1317","CD14+ Monocytes"
"1318","CD4 T cells"
"1319","CD4 T cells"
"1320","CD4 T cells"
"1321","CD14+ Monocytes"
"1322","CD14+ Monocytes"
"1323","NK cells"
"1324","CD4 T cells"
"1325","FCGR3A+ Monocytes"
"1326","CD8 T cells"
"1327","HEK cells"
"1328","HEK cells"
"1329","CD8 T cells"
"1330","CD4 T cells"
"1331","CD4 T cells"
"1332","CD8 T cells"
"1333","HEK cells"
"1334","CD4 T cells"
"1335","CD4 T cells"
"1336","CD4 T cells"
"1337","CD14+ Monocytes"
"1338","CD8 T cells"
"1339","HEK cells"
"1340","CD4 T cells"
"1341","B cells"
"1342","CD14+ Monocytes"
"1343","CD4 T cells"
"1344","CD14+ Monocytes"
"1345","FCGR3A+ Monocytes"
"1346","B cells"
"1347","HEK cells"
"1348","CD14+ Monocytes"
"1349","CD14+ Monocytes"
"1350","CD14+ Monocytes"
"1351","CD14+ Monocytes"
"1352","CD14+ Monocytes"
"1353","CD4 T cells"
"1354","Dendritic cells"
"1355","NK cells"
"1356","B cells"
"1357","CD14+ Monocytes"
"1358","CD14+ Monocytes"
"1359","HEK cells"
"1360","CD4 T cells"
"1361","CD4 T cells"
"1362","B cells"
"1363","NK cells"
"1364","CD4 T cells"
"1365","CD8 T cells"
"1366","CD4 T cells"
"1367","CD4 T cells"
"1368","HEK cells"
"1369","CD4 T cells"
"1370","CD4 T cells"
"1371","CD4 T cells"
"1372","CD8 T cells"
"1373","FCGR3A+ Monocytes"
"1374","CD14+ Monocytes"
"1375","CD4 T cells"
"1376","CD8 T cells"
"1377","B cells"
"1378","CD4 T cells"
"1379","CD8 T cells"
"1380","CD4 T cells"
"1381","CD8 T cells"
"1382","CD4 T cells"
"1383","CD14+ Monocytes"
"1384","FCGR3A+ Monocytes"
"1385","CD4 T cells"
"1386","CD14+ Monocytes"
"1387","NK cells"
"1388","CD4 T cells"
"1389","CD4 T cells"
"1390","CD14+ Monocytes"
"1391","CD14+ Monocytes"
"1392","B cells"
"1393","CD8 T cells"
"1394","CD8 T cells"
"1395","CD8 T cells"
"1396","HEK cells"
"1397","HEK cells"
"1398","CD8 T cells"
"1399","CD8 T cells"
"1400","CD4 T cells"
"1401","CD4 T cells"
"1402","CD4 T cells"
"1403","CD4 T cells"
"1404","CD14+ Monocytes"
"1405","CD14+ Monocytes"
"1406","FCGR3A+ Monocytes"
"1407","CD8 T cells"
"1408","FCGR3A+ Monocytes"
"1409","HEK cells"
"1410","B cells"
"1411","B cells"
"1412","CD4 T cells"
"1413","HEK cells"
"1414","CD4 T cells"
"1415","NK cells"
"1416","CD4 T cells"
"1417","CD8 T cells"
"1418","FCGR3A+ Monocytes"
"1419","B cells"
"1420","CD8 T cells"
"1421","NK cells"
"1422","FCGR3A+ Monocytes"
"1423","CD4 T cells"
"1424","NK cells"
"1425","CD4 T cells"
"1426","CD14+ Monocytes"
"1427","CD4 T cells"
"1428","CD4 T cells"
"1429","CD4 T cells"
"1430","CD14+ Monocytes"
"1431","CD8 T cells"
"1432","NK cells"
"1433","HEK cells"
"1434","CD4 T cells"
"1435","CD14+ Monocytes"
"1436","HEK cells"
"1437","NK cells"
"1438","CD8 T cells"
"1439","NK cells"
"1440","CD8 T cells"
"1441","CD8 T cells"
"1442","CD14+ Monocytes"
"1443","CD8 T cells"
"1444","Dendritic cells"
"1445","B cells"
"1446","CD14+ Monocytes"
"1447","B cells"
"1448","FCGR3A+ Monocytes"
"1449","CD4 T cells"
"1450","CD14+ Monocytes"
"1451","CD14+ Monocytes"
"1452","CD4 T cells"
"1453","B cells"
"1454","CD4 T cells"
"1455","CD8 T cells"
"1456","CD14+ Monocytes"
"1457","CD8 T cells"
"1458","CD4 T cells"
"1459","NK cells"
"1460","CD4 T cells"
"1461","CD4 T cells"
"1462","NK cells"
"1463","CD4 T cells"
"1464","B cells"
"1465","HEK cells"
"1466","HEK cells"
"1467","CD4 T cells"
"1468","CD4 T cells"
"1469","B cells"
"1470","CD14+ Monocytes"
"1471","CD4 T cells"
"1472","HEK cells"
"1473","CD14+ Monocytes"
"1474","FCGR3A+ Monocytes"
"1475","CD4 T cells"
"1476","CD14+ Monocytes"
"1477","HEK cells"
"1478","HEK cells"
"1479","CD14+ Monocytes"
"1480","CD14+ Monocytes"
"1481","CD8 T cells"
"1482","CD4 T cells"
"1483","NK cells"
"1484","HEK cells"
"1485","CD14+ Monocytes"
"1486","HEK cells"
"1487","HEK cells"
"1488","CD8 T cells"
"1489","CD4 T cells"
"1490","B cells"
"1491","NK cells"
"1492","B cells"
"1493","NK cells"
"1494","HEK cells"
"1495","CD4 T cells"
"1496","CD8 T cells"
"1497","FCGR3A+ Monocytes"
"1498","CD4 T cells"
"1499","FCGR3A+ Monocytes"
"1500","CD8 T cells"
"1501","CD4 T cells"
"1502","CD14+ Monocytes"
"1503","CD4 T cells"
"1504","HEK cells"
"1505","CD4 T cells"
"1506","CD8 T cells"
"1507","CD4 T cells"
"1508","CD4 T cells"
"1509","CD4 T cells"
"1510","HEK cells"
"1511","CD4 T cells"
"1512","CD8 T cells"
"1513","B cells"
"1514","CD4 T cells"
"1515","CD8 T cells"
"1516","NK cells"
"1517","CD4 T cells"
"1518","CD4 T cells"
"1519","CD4 T cells"
"1520","FCGR3A+ Monocytes"
"1521","CD8 T cells"
"1522","B cells"
"1523","CD4 T cells"
"1524","FCGR3A+ Monocytes"
"1525","HEK cells"
"1526","CD4 T cells"
"1527","CD8 T cells"
"1528","CD14+ Monocytes"
"1529","CD4 T cells"
"1530","CD14+ Monocytes"
"1531","HEK cells"
"1532","CD8 T cells"
"1533","HEK cells"
"1534","CD14+ Monocytes"
"1535","CD4 T cells"
"1536","CD4 T cells"
"1537","B cells"
"1538","NK cells"
"1539","CD14+ Monocytes"
"1540","CD8 T cells"
"1541","CD14+ Monocytes"
"1542","CD4 T cells"
"1543","CD4 T cells"
"1544","HEK cells"
"1545","FCGR3A+ Monocytes"
"1546","B cells"
"1547","CD14+ Monocytes"
"1548","CD14+ Monocytes"
"1549","CD8 T cells"
"1550","CD4 T cells"
"1551","NK cells"
"1552","CD4 T cells"
"1553","HEK cells"
"1554","NK cells"
"1555","CD4 T cells"
"1556","NK cells"
"1557","CD8 T cells"
"1558","CD14+ Monocytes"
"1559","CD8 T cells"
"1560","B cells"
"1561","CD8 T cells"
"1562","CD14+ Monocytes"
"1563","CD14+ Monocytes"
"1564","CD4 T cells"
"1565","B cells"
"1566","NK cells"
"1567","CD4 T cells"
"1568","NK cells"
"1569","CD14+ Monocytes"
"1570","CD4 T cells"
"1571","CD8 T cells"
"1572","CD4 T cells"
"1573","CD4 T cells"
"1574","CD4 T cells"
"1575","CD4 T cells"
"1576","CD14+ Monocytes"
"1577","CD4 T cells"
"1578","CD8 T cells"
"1579","CD8 T cells"
"1580","CD8 T cells"
"1581","CD4 T cells"
"1582","CD8 T cells"
"1583","HEK cells"
"1584","CD4 T cells"
"1585","B cells"
"1586","NK cells"
"1587","NK cells"
"1588","B cells"
"1589","CD8 T cells"
"1590","CD4 T cells"
"1591","CD8 T cells"
"1592","CD4 T cells"
"1593","CD4 T cells"
"1594","CD4 T cells"
"1595","B cells"
"1596","CD4 T cells"
"1597","CD8 T cells"
"1598","CD4 T cells"
"1599","CD4 T cells"
"1600","CD14+ Monocytes"
"1601","CD8 T cells"
"1602","CD8 T cells"
"1603","CD14+ Monocytes"
"1604","CD14+ Monocytes"
"1605","FCGR3A+ Monocytes"
"1606","CD4 T cells"
"1607","CD14+ Monocytes"
"1608","HEK cells"
"1609","CD14+ Monocytes"
"1610","CD4 T cells"
"1611","CD14+ Monocytes"
"1612","CD4 T cells"
"1613","CD4 T cells"
"1614","CD4 T cells"
"1615","CD4 T cells"
"1616","CD4 T cells"
"1617","CD8 T cells"
"1618","CD4 T cells"
"1619","CD8 T cells"
"1620","FCGR3A+ Monocytes"
"1621","HEK cells"
"1622","CD4 T cells"
"1623","CD14+ Monocytes"
"1624","CD8 T cells"
"1625","CD4 T cells"
"1626","CD4 T cells"
"1627","HEK cells"
"1628","CD4 T cells"
"1629","CD4 T cells"
"1630","HEK cells"
"1631","CD14+ Monocytes"
"1632","CD8 T cells"
"1633","Megakaryocytes"
"1634","CD14+ Monocytes"
"1635","HEK cells"
"1636","HEK cells"
"1637","CD4 T cells"
"1638","FCGR3A+ Monocytes"
"1639","CD4 T cells"
"1640","CD14+ Monocytes"
"1641","CD4 T cells"
"1642","CD14+ Monocytes"
"1643","B cells"
"1644","CD14+ Monocytes"
"1645","CD8 T cells"
"1646","CD4 T cells"
"1647","CD8 T cells"
"1648","CD4 T cells"
"1649","CD14+ Monocytes"
"1650","CD4 T cells"
"1651","FCGR3A+ Monocytes"
"1652","B cells"
"1653","CD4 T cells"
"1654","CD4 T cells"
"1655","HEK cells"
"1656","CD14+ Monocytes"
"1657","CD14+ Monocytes"
"1658","CD8 T cells"
"1659","CD14+ Monocytes"
"1660","CD14+ Monocytes"
"1661","B cells"
"1662","CD4 T cells"
"1663","CD8 T cells"
"1664","CD4 T cells"
"1665","CD8 T cells"
"1666","CD14+ Monocytes"
"1667","CD4 T cells"
"1668","CD14+ Monocytes"
"1669","CD4 T cells"
"1670","CD14+ Monocytes"
"1671","HEK cells"
"1672","CD4 T cells"
"1673","HEK cells"
"1674","B cells"
"1675","CD14+ Monocytes"
"1676","CD4 T cells"
"1677","NK cells"
"1678","B cells"
"1679","CD14+ Monocytes"
"1680","CD4 T cells"
"1681","CD4 T cells"
"1682","CD14+ Monocytes"
"1683","B cells"
"1684","B cells"
