"","x"
"1","HEK cells"
"2","FCGR3A+ Monocytes"
"3","CD14+ Monocytes"
"4","CD4 T cells"
"5","CD4 T cells"
"6","B cells"
"7","CD14+ Monocytes"
"8","CD4 T cells"
"9","CD14+ Monocytes"
"10","CD4 T cells"
"11","HEK cells"
"12","CD14+ Monocytes"
"13","CD14+ Monocytes"
"14","CD14+ Monocytes"
"15","CD4 T cells"
"16","FCGR3A+ Monocytes"
"17","CD8 T cells"
"18","HEK cells"
"19","CD8 T cells"
"20","NK cells"
"21","HEK cells"
"22","HEK cells"
"23","NK cells"
"24","CD14+ Monocytes"
"25","HEK cells"
"26","CD14+ Monocytes"
"27","CD4 T cells"
"28","CD8 T cells"
"29","HEK cells"
"30","CD14+ Monocytes"
"31","HEK cells"
"32","CD14+ Monocytes"
"33","CD14+ Monocytes"
"34","B cells"
"35","CD8 T cells"
"36","CD4 T cells"
"37","CD4 T cells"
"38","HEK cells"
"39","CD8 T cells"
"40","CD4 T cells"
"41","Dendritic cells"
"42","CD4 T cells"
"43","HEK cells"
"44","CD4 T cells"
"45","FCGR3A+ Monocytes"
"46","FCGR3A+ Monocytes"
"47","CD4 T cells"
"48","B cells"
"49","CD14+ Monocytes"
"50","CD14+ Monocytes"
"51","CD4 T cells"
"52","CD4 T cells"
"53","CD14+ Monocytes"
"54","CD14+ Monocytes"
"55","HEK cells"
"56","CD14+ Monocytes"
"57","HEK cells"
"58","CD4 T cells"
"59","CD14+ Monocytes"
"60","CD4 T cells"
"61","CD4 T cells"
"62","CD4 T cells"
"63","CD4 T cells"
"64","HEK cells"
"65","CD14+ Monocytes"
"66","CD8 T cells"
"67","CD14+ Monocytes"
"68","CD8 T cells"
"69","CD14+ Monocytes"
"70","CD14+ Monocytes"
"71","HEK cells"
"72","HEK cells"
"73","HEK cells"
"74","CD4 T cells"
"75","CD14+ Monocytes"
"76","HEK cells"
"77","CD8 T cells"
"78","HEK cells"
"79","FCGR3A+ Monocytes"
"80","B cells"
"81","CD14+ Monocytes"
"82","CD4 T cells"
"83","HEK cells"
"84","CD14+ Monocytes"
"85","FCGR3A+ Monocytes"
"86","CD14+ Monocytes"
"87","CD4 T cells"
"88","CD14+ Monocytes"
"89","CD4 T cells"
"90","CD8 T cells"
"91","CD4 T cells"
"92","CD8 T cells"
"93","CD4 T cells"
"94","FCGR3A+ Monocytes"
"95","NK cells"
"96","CD14+ Monocytes"
"97","CD8 T cells"
"98","FCGR3A+ Monocytes"
"99","CD4 T cells"
"100","CD4 T cells"
"101","CD4 T cells"
"102","CD14+ Monocytes"
"103","B cells"
"104","CD14+ Monocytes"
"105","NK cells"
"106","CD14+ Monocytes"
"107","CD8 T cells"
"108","HEK cells"
"109","CD4 T cells"
"110","CD14+ Monocytes"
"111","HEK cells"
"112","HEK cells"
"113","CD8 T cells"
"114","CD14+ Monocytes"
"115","HEK cells"
"116","CD8 T cells"
"117","B cells"
"118","CD14+ Monocytes"
"119","CD4 T cells"
"120","CD4 T cells"
"121","HEK cells"
"122","CD4 T cells"
"123","NK cells"
"124","FCGR3A+ Monocytes"
"125","CD4 T cells"
"126","CD14+ Monocytes"
"127","CD14+ Monocytes"
"128","NK cells"
"129","CD14+ Monocytes"
"130","HEK cells"
"131","CD14+ Monocytes"
"132","CD14+ Monocytes"
"133","CD4 T cells"
"134","CD14+ Monocytes"
"135","CD8 T cells"
"136","CD14+ Monocytes"
"137","CD14+ Monocytes"
"138","B cells"
"139","CD4 T cells"
"140","FCGR3A+ Monocytes"
"141","CD8 T cells"
"142","HEK cells"
"143","CD4 T cells"
"144","CD4 T cells"
"145","CD4 T cells"
"146","HEK cells"
"147","HEK cells"
"148","FCGR3A+ Monocytes"
"149","CD4 T cells"
"150","CD14+ Monocytes"
"151","HEK cells"
"152","CD8 T cells"
"153","CD4 T cells"
"154","HEK cells"
"155","CD14+ Monocytes"
"156","CD4 T cells"
"157","CD4 T cells"
"158","B cells"
"159","CD14+ Monocytes"
"160","CD4 T cells"
"161","CD4 T cells"
"162","CD8 T cells"
"163","CD4 T cells"
"164","CD8 T cells"
"165","CD8 T cells"
"166","CD8 T cells"
"167","HEK cells"
"168","CD14+ Monocytes"
"169","CD4 T cells"
"170","CD4 T cells"
"171","CD4 T cells"
"172","CD4 T cells"
"173","HEK cells"
"174","CD4 T cells"
"175","CD8 T cells"
"176","HEK cells"
"177","FCGR3A+ Monocytes"
"178","CD8 T cells"
"179","CD4 T cells"
"180","CD8 T cells"
"181","CD4 T cells"
"182","CD4 T cells"
"183","CD14+ Monocytes"
"184","CD4 T cells"
"185","B cells"
"186","CD4 T cells"
"187","HEK cells"
"188","CD14+ Monocytes"
"189","B cells"
"190","CD8 T cells"
"191","CD4 T cells"
"192","B cells"
"193","CD4 T cells"
"194","CD14+ Monocytes"
"195","B cells"
"196","CD8 T cells"
"197","CD14+ Monocytes"
"198","CD14+ Monocytes"
"199","HEK cells"
"200","CD14+ Monocytes"
"201","CD4 T cells"
"202","CD14+ Monocytes"
"203","HEK cells"
"204","CD4 T cells"
"205","CD4 T cells"
"206","CD14+ Monocytes"
"207","FCGR3A+ Monocytes"
"208","CD8 T cells"
"209","CD14+ Monocytes"
"210","CD14+ Monocytes"
"211","CD14+ Monocytes"
"212","CD14+ Monocytes"
"213","CD4 T cells"
"214","CD4 T cells"
"215","CD4 T cells"
"216","CD4 T cells"
"217","HEK cells"
"218","FCGR3A+ Monocytes"
"219","CD14+ Monocytes"
"220","HEK cells"
"221","CD4 T cells"
"222","HEK cells"
"223","FCGR3A+ Monocytes"
"224","B cells"
"225","CD4 T cells"
"226","CD14+ Monocytes"
"227","CD8 T cells"
"228","CD14+ Monocytes"
"229","CD8 T cells"
"230","HEK cells"
"231","CD14+ Monocytes"
"232","HEK cells"
"233","CD8 T cells"
"234","CD14+ Monocytes"
"235","CD14+ Monocytes"
"236","CD14+ Monocytes"
"237","CD8 T cells"
"238","CD8 T cells"
"239","CD14+ Monocytes"
"240","FCGR3A+ Monocytes"
"241","CD8 T cells"
"242","CD4 T cells"
"243","CD14+ Monocytes"
"244","CD4 T cells"
"245","CD4 T cells"
"246","NK cells"
"247","HEK cells"
"248","HEK cells"
"249","CD8 T cells"
"250","CD4 T cells"
"251","HEK cells"
"252","CD14+ Monocytes"
"253","CD4 T cells"
"254","CD8 T cells"
"255","NK cells"
"256","HEK cells"
"257","CD4 T cells"
"258","CD8 T cells"
"259","CD4 T cells"
"260","CD14+ Monocytes"
"261","CD8 T cells"
"262","CD14+ Monocytes"
"263","CD14+ Monocytes"
"264","CD4 T cells"
"265","CD4 T cells"
"266","CD14+ Monocytes"
"267","HEK cells"
"268","HEK cells"
"269","CD14+ Monocytes"
"270","CD4 T cells"
"271","CD8 T cells"
"272","CD14+ Monocytes"
"273","HEK cells"
"274","HEK cells"
"275","CD8 T cells"
"276","CD4 T cells"
"277","CD4 T cells"
"278","B cells"
"279","CD14+ Monocytes"
"280","HEK cells"
"281","CD8 T cells"
"282","CD8 T cells"
"283","HEK cells"
"284","HEK cells"
"285","HEK cells"
"286","CD4 T cells"
"287","CD4 T cells"
"288","CD14+ Monocytes"
"289","NK cells"
"290","CD4 T cells"
"291","HEK cells"
"292","CD8 T cells"
"293","HEK cells"
"294","CD14+ Monocytes"
"295","CD8 T cells"
"296","CD14+ Monocytes"
"297","HEK cells"
"298","CD14+ Monocytes"
"299","NK cells"
"300","CD14+ Monocytes"
"301","CD4 T cells"
"302","HEK cells"
"303","CD14+ Monocytes"
"304","HEK cells"
"305","CD4 T cells"
"306","CD14+ Monocytes"
"307","HEK cells"
"308","CD14+ Monocytes"
"309","HEK cells"
"310","CD8 T cells"
"311","CD4 T cells"
"312","CD4 T cells"
"313","CD4 T cells"
"314","CD14+ Monocytes"
"315","CD8 T cells"
"316","CD14+ Monocytes"
"317","CD4 T cells"
"318","B cells"
"319","CD14+ Monocytes"
"320","CD4 T cells"
"321","CD14+ Monocytes"
"322","HEK cells"
"323","CD14+ Monocytes"
"324","HEK cells"
"325","CD14+ Monocytes"
"326","HEK cells"
"327","Dendritic cells"
"328","HEK cells"
"329","CD4 T cells"
"330","CD4 T cells"
"331","B cells"
"332","CD14+ Monocytes"
"333","CD4 T cells"
"334","HEK cells"
"335","CD14+ Monocytes"
"336","B cells"
"337","CD4 T cells"
"338","CD14+ Monocytes"
"339","CD8 T cells"
"340","NK cells"
"341","HEK cells"
"342","CD14+ Monocytes"
"343","NK cells"
"344","CD14+ Monocytes"
"345","CD14+ Monocytes"
"346","CD4 T cells"
"347","FCGR3A+ Monocytes"
"348","CD4 T cells"
"349","CD14+ Monocytes"
"350","HEK cells"
"351","B cells"
"352","CD14+ Monocytes"
"353","B cells"
"354","CD8 T cells"
"355","CD14+ Monocytes"
"356","HEK cells"
"357","HEK cells"
"358","CD14+ Monocytes"
"359","CD4 T cells"
"360","CD14+ Monocytes"
"361","CD14+ Monocytes"
"362","B cells"
"363","CD4 T cells"
"364","CD8 T cells"
"365","HEK cells"
"366","CD4 T cells"
"367","CD14+ Monocytes"
"368","B cells"
"369","CD14+ Monocytes"
"370","CD14+ Monocytes"
"371","HEK cells"
"372","NK cells"
"373","CD4 T cells"
"374","CD8 T cells"
"375","CD14+ Monocytes"
"376","NK cells"
"377","FCGR3A+ Monocytes"
"378","CD8 T cells"
"379","B cells"
"380","HEK cells"
"381","CD14+ Monocytes"
"382","CD14+ Monocytes"
"383","HEK cells"
"384","CD14+ Monocytes"
"385","HEK cells"
"386","CD8 T cells"
"387","CD8 T cells"
"388","HEK cells"
"389","CD14+ Monocytes"
"390","CD14+ Monocytes"
"391","CD8 T cells"
"392","CD8 T cells"
"393","CD14+ Monocytes"
"394","CD14+ Monocytes"
"395","CD4 T cells"
"396","CD14+ Monocytes"
"397","HEK cells"
"398","HEK cells"
"399","HEK cells"
"400","CD4 T cells"
"401","NK cells"
"402","HEK cells"
"403","CD4 T cells"
"404","NK cells"
"405","FCGR3A+ Monocytes"
"406","CD14+ Monocytes"
"407","CD14+ Monocytes"
"408","HEK cells"
"409","B cells"
"410","HEK cells"
"411","FCGR3A+ Monocytes"
"412","HEK cells"
"413","CD4 T cells"
"414","CD8 T cells"
"415","CD14+ Monocytes"
"416","CD14+ Monocytes"
"417","HEK cells"
"418","CD14+ Monocytes"
"419","CD14+ Monocytes"
"420","CD14+ Monocytes"
"421","CD8 T cells"
"422","CD8 T cells"
"423","CD4 T cells"
"424","CD4 T cells"
"425","CD4 T cells"
"426","CD14+ Monocytes"
"427","HEK cells"
"428","CD8 T cells"
"429","HEK cells"
"430","CD8 T cells"
"431","B cells"
"432","CD4 T cells"
"433","FCGR3A+ Monocytes"
"434","CD14+ Monocytes"
"435","CD4 T cells"
"436","B cells"
"437","CD14+ Monocytes"
"438","CD4 T cells"
"439","CD4 T cells"
"440","CD4 T cells"
"441","CD4 T cells"
"442","HEK cells"
"443","CD4 T cells"
"444","CD14+ Monocytes"
"445","CD4 T cells"
"446","CD4 T cells"
"447","CD8 T cells"
"448","CD4 T cells"
"449","HEK cells"
"450","HEK cells"
"451","CD14+ Monocytes"
"452","CD14+ Monocytes"
"453","FCGR3A+ Monocytes"
"454","CD14+ Monocytes"
"455","CD4 T cells"
"456","CD4 T cells"
"457","CD8 T cells"
"458","CD14+ Monocytes"
"459","FCGR3A+ Monocytes"
"460","CD14+ Monocytes"
"461","CD8 T cells"
"462","CD14+ Monocytes"
"463","HEK cells"
"464","CD14+ Monocytes"
"465","HEK cells"
"466","CD4 T cells"
"467","B cells"
"468","CD14+ Monocytes"
"469","CD8 T cells"
"470","HEK cells"
"471","CD14+ Monocytes"
"472","CD4 T cells"
"473","HEK cells"
"474","CD14+ Monocytes"
"475","CD14+ Monocytes"
"476","CD14+ Monocytes"
"477","B cells"
"478","CD4 T cells"
"479","CD8 T cells"
"480","CD14+ Monocytes"
"481","CD4 T cells"
"482","CD14+ Monocytes"
"483","B cells"
"484","CD4 T cells"
"485","NK cells"
"486","CD4 T cells"
"487","CD8 T cells"
"488","CD4 T cells"
"489","Megakaryocytes"
"490","CD14+ Monocytes"
"491","CD4 T cells"
"492","B cells"
"493","HEK cells"
"494","CD8 T cells"
"495","CD8 T cells"
"496","NK cells"
"497","CD4 T cells"
"498","CD14+ Monocytes"
"499","CD14+ Monocytes"
"500","HEK cells"
"501","FCGR3A+ Monocytes"
"502","HEK cells"
"503","B cells"
"504","CD4 T cells"
"505","CD14+ Monocytes"
"506","CD14+ Monocytes"
"507","CD14+ Monocytes"
"508","CD14+ Monocytes"
"509","CD14+ Monocytes"
"510","CD4 T cells"
"511","CD4 T cells"
"512","CD4 T cells"
"513","CD4 T cells"
"514","CD4 T cells"
"515","CD8 T cells"
"516","CD14+ Monocytes"
"517","CD14+ Monocytes"
"518","CD4 T cells"
"519","CD4 T cells"
"520","HEK cells"
"521","CD4 T cells"
"522","HEK cells"
"523","CD4 T cells"
"524","CD8 T cells"
"525","CD4 T cells"
"526","CD14+ Monocytes"
"527","CD14+ Monocytes"
"528","CD4 T cells"
"529","HEK cells"
"530","FCGR3A+ Monocytes"
"531","CD4 T cells"
"532","HEK cells"
"533","HEK cells"
"534","CD4 T cells"
"535","CD14+ Monocytes"
"536","CD8 T cells"
"537","HEK cells"
"538","CD4 T cells"
"539","B cells"
"540","CD4 T cells"
"541","HEK cells"
"542","CD14+ Monocytes"
"543","HEK cells"
"544","HEK cells"
"545","CD14+ Monocytes"
"546","HEK cells"
"547","CD4 T cells"
"548","CD4 T cells"
"549","CD8 T cells"
"550","CD4 T cells"
"551","CD8 T cells"
"552","CD14+ Monocytes"
"553","CD8 T cells"
"554","CD4 T cells"
"555","CD4 T cells"
"556","HEK cells"
"557","CD14+ Monocytes"
"558","CD4 T cells"
"559","HEK cells"
"560","CD14+ Monocytes"
"561","CD4 T cells"
"562","HEK cells"
"563","CD14+ Monocytes"
"564","HEK cells"
"565","HEK cells"
"566","HEK cells"
"567","CD14+ Monocytes"
"568","HEK cells"
"569","HEK cells"
"570","CD14+ Monocytes"
"571","HEK cells"
"572","CD4 T cells"
"573","CD8 T cells"
"574","HEK cells"
"575","HEK cells"
"576","CD4 T cells"
"577","CD4 T cells"
"578","CD14+ Monocytes"
"579","B cells"
"580","CD4 T cells"
"581","CD14+ Monocytes"
"582","HEK cells"
"583","B cells"
"584","CD4 T cells"
"585","CD14+ Monocytes"
"586","CD4 T cells"
"587","CD8 T cells"
"588","CD14+ Monocytes"
"589","CD4 T cells"
"590","HEK cells"
"591","HEK cells"
"592","CD14+ Monocytes"
"593","CD4 T cells"
"594","CD4 T cells"
"595","CD14+ Monocytes"
"596","B cells"
"597","CD14+ Monocytes"
"598","NK cells"
"599","Dendritic cells"
"600","CD8 T cells"
"601","CD4 T cells"
"602","CD14+ Monocytes"
"603","CD14+ Monocytes"
"604","HEK cells"
"605","HEK cells"
"606","CD14+ Monocytes"
"607","CD4 T cells"
"608","CD4 T cells"
"609","CD4 T cells"
"610","CD4 T cells"
"611","CD8 T cells"
"612","CD4 T cells"
"613","FCGR3A+ Monocytes"
"614","CD4 T cells"
"615","CD14+ Monocytes"
"616","CD14+ Monocytes"
"617","CD14+ Monocytes"
"618","HEK cells"
"619","CD4 T cells"
"620","HEK cells"
"621","CD14+ Monocytes"
"622","NK cells"
"623","CD8 T cells"
"624","CD8 T cells"
"625","CD4 T cells"
"626","CD14+ Monocytes"
"627","CD4 T cells"
"628","Dendritic cells"
"629","HEK cells"
"630","CD14+ Monocytes"
"631","CD14+ Monocytes"
"632","CD14+ Monocytes"
"633","CD8 T cells"
"634","HEK cells"
"635","B cells"
"636","CD14+ Monocytes"
"637","FCGR3A+ Monocytes"
"638","HEK cells"
"639","HEK cells"
"640","CD14+ Monocytes"
"641","HEK cells"
"642","HEK cells"
"643","FCGR3A+ Monocytes"
"644","B cells"
"645","B cells"
"646","CD4 T cells"
"647","CD8 T cells"
"648","NK cells"
"649","HEK cells"
"650","HEK cells"
"651","CD14+ Monocytes"
"652","CD4 T cells"
"653","HEK cells"
"654","HEK cells"
"655","CD8 T cells"
"656","HEK cells"
"657","HEK cells"
"658","Dendritic cells"
"659","CD4 T cells"
"660","FCGR3A+ Monocytes"
"661","CD4 T cells"
"662","CD4 T cells"
"663","HEK cells"
"664","CD4 T cells"
"665","CD14+ Monocytes"
"666","HEK cells"
"667","HEK cells"
"668","CD14+ Monocytes"
"669","HEK cells"
"670","HEK cells"
"671","CD8 T cells"
"672","CD14+ Monocytes"
"673","CD14+ Monocytes"
"674","CD14+ Monocytes"
"675","CD14+ Monocytes"
"676","CD14+ Monocytes"
"677","CD4 T cells"
"678","CD8 T cells"
"679","CD8 T cells"
"680","B cells"
"681","CD14+ Monocytes"
"682","CD8 T cells"
"683","CD4 T cells"
"684","CD14+ Monocytes"
"685","FCGR3A+ Monocytes"
"686","CD4 T cells"
"687","CD14+ Monocytes"
"688","HEK cells"
"689","CD14+ Monocytes"
"690","B cells"
"691","FCGR3A+ Monocytes"
"692","CD8 T cells"
"693","CD4 T cells"
"694","CD8 T cells"
"695","CD14+ Monocytes"
"696","HEK cells"
"697","CD8 T cells"
"698","HEK cells"
"699","CD4 T cells"
"700","FCGR3A+ Monocytes"
"701","FCGR3A+ Monocytes"
"702","CD14+ Monocytes"
"703","HEK cells"
"704","CD4 T cells"
"705","CD4 T cells"
"706","NK cells"
"707","CD4 T cells"
"708","CD8 T cells"
"709","CD4 T cells"
"710","CD14+ Monocytes"
"711","HEK cells"
"712","FCGR3A+ Monocytes"
"713","HEK cells"
"714","CD14+ Monocytes"
"715","CD8 T cells"
"716","FCGR3A+ Monocytes"
"717","CD4 T cells"
"718","CD4 T cells"
"719","CD14+ Monocytes"
"720","CD8 T cells"
"721","CD8 T cells"
"722","CD8 T cells"
"723","CD4 T cells"
"724","B cells"
"725","B cells"
"726","CD4 T cells"
"727","FCGR3A+ Monocytes"
"728","CD4 T cells"
"729","CD4 T cells"
"730","CD8 T cells"
"731","CD14+ Monocytes"
"732","HEK cells"
"733","CD4 T cells"
"734","CD4 T cells"
"735","Dendritic cells"
"736","HEK cells"
"737","CD4 T cells"
"738","CD4 T cells"
"739","FCGR3A+ Monocytes"
"740","HEK cells"
"741","CD8 T cells"
"742","CD8 T cells"
"743","HEK cells"
"744","CD4 T cells"
"745","CD14+ Monocytes"
"746","CD14+ Monocytes"
"747","CD14+ Monocytes"
"748","HEK cells"
"749","HEK cells"
"750","HEK cells"
"751","CD4 T cells"
"752","HEK cells"
"753","HEK cells"
"754","CD14+ Monocytes"
"755","HEK cells"
"756","CD4 T cells"
"757","Dendritic cells"
"758","CD8 T cells"
"759","CD8 T cells"
"760","CD14+ Monocytes"
"761","Dendritic cells"
"762","FCGR3A+ Monocytes"
"763","CD14+ Monocytes"
"764","HEK cells"
"765","CD14+ Monocytes"
"766","NK cells"
"767","FCGR3A+ Monocytes"
"768","CD14+ Monocytes"
"769","CD8 T cells"
"770","CD8 T cells"
"771","CD14+ Monocytes"
"772","CD4 T cells"
"773","CD8 T cells"
"774","HEK cells"
"775","HEK cells"
"776","CD14+ Monocytes"
"777","CD4 T cells"
"778","Dendritic cells"
"779","CD4 T cells"
"780","CD14+ Monocytes"
"781","CD14+ Monocytes"
"782","CD14+ Monocytes"
"783","CD4 T cells"
"784","CD14+ Monocytes"
"785","CD4 T cells"
"786","CD14+ Monocytes"
"787","HEK cells"
"788","HEK cells"
"789","HEK cells"
"790","CD14+ Monocytes"
"791","CD14+ Monocytes"
"792","B cells"
"793","CD4 T cells"
"794","HEK cells"
"795","CD14+ Monocytes"
"796","FCGR3A+ Monocytes"
"797","CD14+ Monocytes"
"798","CD4 T cells"
"799","CD8 T cells"
"800","CD14+ Monocytes"
"801","HEK cells"
"802","CD4 T cells"
"803","CD8 T cells"
"804","CD8 T cells"
"805","CD4 T cells"
"806","CD14+ Monocytes"
"807","CD4 T cells"
"808","CD4 T cells"
"809","CD4 T cells"
"810","CD14+ Monocytes"
"811","FCGR3A+ Monocytes"
"812","HEK cells"
"813","B cells"
"814","B cells"
"815","CD8 T cells"
"816","CD14+ Monocytes"
"817","CD14+ Monocytes"
"818","HEK cells"
"819","CD14+ Monocytes"
"820","FCGR3A+ Monocytes"
"821","CD4 T cells"
"822","CD4 T cells"
"823","HEK cells"
"824","CD14+ Monocytes"
"825","FCGR3A+ Monocytes"
"826","CD14+ Monocytes"
"827","HEK cells"
"828","HEK cells"
"829","CD4 T cells"
"830","CD4 T cells"
"831","CD4 T cells"
"832","CD4 T cells"
"833","HEK cells"
"834","HEK cells"
"835","CD14+ Monocytes"
"836","HEK cells"
"837","CD14+ Monocytes"
"838","CD8 T cells"
"839","NK cells"
"840","HEK cells"
"841","HEK cells"
"842","CD14+ Monocytes"
"843","CD4 T cells"
"844","CD4 T cells"
"845","HEK cells"
"846","B cells"
"847","CD14+ Monocytes"
"848","CD14+ Monocytes"
"849","CD4 T cells"
"850","CD14+ Monocytes"
"851","CD14+ Monocytes"
"852","FCGR3A+ Monocytes"
"853","B cells"
"854","B cells"
"855","CD8 T cells"
"856","Dendritic cells"
"857","CD4 T cells"
"858","CD14+ Monocytes"
"859","CD8 T cells"
"860","CD4 T cells"
"861","CD4 T cells"
"862","HEK cells"
"863","CD4 T cells"
"864","CD4 T cells"
"865","CD14+ Monocytes"
"866","CD14+ Monocytes"
"867","CD14+ Monocytes"
"868","CD4 T cells"
"869","CD14+ Monocytes"
"870","CD8 T cells"
"871","HEK cells"
"872","CD14+ Monocytes"
"873","HEK cells"
"874","CD14+ Monocytes"
"875","CD14+ Monocytes"
"876","CD4 T cells"
"877","CD4 T cells"
"878","CD4 T cells"
"879","HEK cells"
"880","FCGR3A+ Monocytes"
"881","CD14+ Monocytes"
"882","CD8 T cells"
"883","B cells"
"884","CD4 T cells"
"885","CD14+ Monocytes"
"886","HEK cells"
"887","CD4 T cells"
"888","HEK cells"
"889","CD8 T cells"
"890","HEK cells"
"891","CD14+ Monocytes"
"892","FCGR3A+ Monocytes"
"893","CD14+ Monocytes"
"894","CD14+ Monocytes"
"895","CD14+ Monocytes"
"896","Dendritic cells"
"897","CD8 T cells"
"898","HEK cells"
"899","CD4 T cells"
"900","CD4 T cells"
"901","CD8 T cells"
"902","CD8 T cells"
"903","CD14+ Monocytes"
"904","CD4 T cells"
"905","CD14+ Monocytes"
"906","CD14+ Monocytes"
"907","CD14+ Monocytes"
"908","CD4 T cells"
"909","HEK cells"
"910","CD8 T cells"
"911","CD14+ Monocytes"
"912","CD14+ Monocytes"
"913","CD14+ Monocytes"
"914","HEK cells"
"915","HEK cells"
"916","CD14+ Monocytes"
"917","CD8 T cells"
"918","HEK cells"
"919","HEK cells"
"920","CD14+ Monocytes"
"921","HEK cells"
"922","HEK cells"
"923","HEK cells"
"924","CD4 T cells"
"925","CD14+ Monocytes"
"926","FCGR3A+ Monocytes"
"927","CD14+ Monocytes"
"928","CD14+ Monocytes"
"929","CD8 T cells"
"930","HEK cells"
"931","CD14+ Monocytes"
"932","HEK cells"
"933","CD4 T cells"
"934","HEK cells"
"935","HEK cells"
"936","FCGR3A+ Monocytes"
"937","CD14+ Monocytes"
"938","HEK cells"
"939","HEK cells"
"940","HEK cells"
"941","CD8 T cells"
"942","HEK cells"
"943","HEK cells"
"944","CD4 T cells"
"945","CD4 T cells"
"946","CD4 T cells"
"947","CD8 T cells"
"948","CD4 T cells"
"949","CD14+ Monocytes"
"950","Dendritic cells"
"951","FCGR3A+ Monocytes"
"952","HEK cells"
"953","CD8 T cells"
"954","HEK cells"
"955","CD14+ Monocytes"
"956","HEK cells"
"957","CD14+ Monocytes"
"958","FCGR3A+ Monocytes"
"959","CD4 T cells"
"960","HEK cells"
"961","HEK cells"
"962","B cells"
"963","CD4 T cells"
"964","HEK cells"
"965","CD8 T cells"
"966","HEK cells"
"967","HEK cells"
"968","CD4 T cells"
"969","CD8 T cells"
"970","CD14+ Monocytes"
"971","FCGR3A+ Monocytes"
"972","CD4 T cells"
"973","HEK cells"
"974","HEK cells"
"975","CD4 T cells"
"976","CD14+ Monocytes"
"977","HEK cells"
"978","CD14+ Monocytes"
"979","CD8 T cells"
"980","CD4 T cells"
"981","CD8 T cells"
"982","FCGR3A+ Monocytes"
"983","CD14+ Monocytes"
"984","CD14+ Monocytes"
"985","CD14+ Monocytes"
"986","FCGR3A+ Monocytes"
"987","B cells"
"988","HEK cells"
"989","CD4 T cells"
"990","CD8 T cells"
"991","CD4 T cells"
"992","CD14+ Monocytes"
"993","CD14+ Monocytes"
"994","FCGR3A+ Monocytes"
"995","CD14+ Monocytes"
"996","CD14+ Monocytes"
"997","CD4 T cells"
"998","HEK cells"
"999","B cells"
"1000","CD14+ Monocytes"
"1001","CD4 T cells"
"1002","CD14+ Monocytes"
"1003","CD14+ Monocytes"
"1004","CD14+ Monocytes"
"1005","HEK cells"
"1006","CD14+ Monocytes"
"1007","CD14+ Monocytes"
"1008","CD14+ Monocytes"
"1009","CD4 T cells"
"1010","CD14+ Monocytes"
"1011","CD14+ Monocytes"
"1012","CD14+ Monocytes"
"1013","CD8 T cells"
"1014","HEK cells"
"1015","CD4 T cells"
"1016","HEK cells"
"1017","CD8 T cells"
"1018","NK cells"
"1019","CD8 T cells"
"1020","Dendritic cells"
"1021","Dendritic cells"
"1022","CD14+ Monocytes"
"1023","CD14+ Monocytes"
"1024","CD14+ Monocytes"
"1025","CD14+ Monocytes"
"1026","HEK cells"
"1027","CD4 T cells"
"1028","B cells"
"1029","B cells"
"1030","CD14+ Monocytes"
"1031","CD14+ Monocytes"
"1032","CD14+ Monocytes"
"1033","HEK cells"
"1034","CD4 T cells"
"1035","CD4 T cells"
"1036","CD4 T cells"
"1037","CD8 T cells"
"1038","HEK cells"
"1039","CD4 T cells"
"1040","CD14+ Monocytes"
"1041","CD4 T cells"
"1042","NK cells"
"1043","HEK cells"
"1044","CD4 T cells"
"1045","FCGR3A+ Monocytes"
"1046","CD14+ Monocytes"
"1047","CD14+ Monocytes"
"1048","CD4 T cells"
"1049","HEK cells"
"1050","HEK cells"
"1051","CD14+ Monocytes"
"1052","B cells"
"1053","CD8 T cells"
"1054","CD14+ Monocytes"
"1055","CD8 T cells"
"1056","HEK cells"
"1057","CD14+ Monocytes"
"1058","HEK cells"
"1059","HEK cells"
"1060","CD14+ Monocytes"
"1061","HEK cells"
"1062","CD4 T cells"
"1063","CD14+ Monocytes"
"1064","CD4 T cells"
"1065","CD8 T cells"
"1066","CD8 T cells"
"1067","CD14+ Monocytes"
"1068","CD4 T cells"
"1069","CD14+ Monocytes"
"1070","CD8 T cells"
"1071","CD14+ Monocytes"
"1072","CD14+ Monocytes"
"1073","CD8 T cells"
"1074","CD8 T cells"
"1075","HEK cells"
"1076","CD8 T cells"
"1077","CD8 T cells"
"1078","CD14+ Monocytes"
"1079","CD4 T cells"
"1080","HEK cells"
"1081","HEK cells"
"1082","HEK cells"
"1083","CD14+ Monocytes"
"1084","B cells"
"1085","CD14+ Monocytes"
"1086","HEK cells"
"1087","CD8 T cells"
"1088","HEK cells"
"1089","NK cells"
"1090","CD4 T cells"
"1091","HEK cells"
"1092","CD14+ Monocytes"
"1093","CD14+ Monocytes"
"1094","HEK cells"
"1095","CD4 T cells"
"1096","FCGR3A+ Monocytes"
"1097","NK cells"
"1098","CD14+ Monocytes"
"1099","CD4 T cells"
"1100","HEK cells"
"1101","B cells"
"1102","HEK cells"
"1103","HEK cells"
"1104","HEK cells"
"1105","CD14+ Monocytes"
"1106","CD8 T cells"
"1107","CD8 T cells"
"1108","CD4 T cells"
"1109","B cells"
"1110","CD14+ Monocytes"
"1111","B cells"
"1112","CD14+ Monocytes"
"1113","CD4 T cells"
"1114","B cells"
"1115","HEK cells"
"1116","B cells"
"1117","CD14+ Monocytes"
"1118","CD14+ Monocytes"
"1119","CD4 T cells"
"1120","HEK cells"
"1121","HEK cells"
"1122","CD14+ Monocytes"
"1123","CD14+ Monocytes"
"1124","CD4 T cells"
"1125","CD4 T cells"
"1126","CD4 T cells"
"1127","CD8 T cells"
"1128","CD14+ Monocytes"
"1129","CD14+ Monocytes"
"1130","HEK cells"
"1131","HEK cells"
"1132","CD4 T cells"
"1133","CD4 T cells"
"1134","CD14+ Monocytes"
"1135","CD8 T cells"
"1136","NK cells"
"1137","NK cells"
"1138","FCGR3A+ Monocytes"
"1139","B cells"
"1140","CD4 T cells"
"1141","CD4 T cells"
"1142","CD4 T cells"
"1143","CD14+ Monocytes"
"1144","CD4 T cells"
"1145","CD14+ Monocytes"
"1146","Dendritic cells"
"1147","HEK cells"
"1148","CD4 T cells"
"1149","HEK cells"
"1150","FCGR3A+ Monocytes"
"1151","CD4 T cells"
"1152","CD14+ Monocytes"
"1153","CD14+ Monocytes"
"1154","HEK cells"
"1155","CD14+ Monocytes"
"1156","CD14+ Monocytes"
"1157","B cells"
"1158","CD8 T cells"
"1159","CD4 T cells"
"1160","CD14+ Monocytes"
"1161","HEK cells"
"1162","CD4 T cells"
"1163","HEK cells"
"1164","HEK cells"
"1165","HEK cells"
"1166","CD4 T cells"
"1167","CD4 T cells"
"1168","CD8 T cells"
"1169","CD14+ Monocytes"
"1170","CD14+ Monocytes"
"1171","CD14+ Monocytes"
"1172","CD4 T cells"
"1173","B cells"
"1174","Dendritic cells"
"1175","CD8 T cells"
"1176","CD4 T cells"
"1177","CD14+ Monocytes"
"1178","CD8 T cells"
"1179","CD14+ Monocytes"
"1180","CD4 T cells"
"1181","HEK cells"
"1182","CD4 T cells"
"1183","CD14+ Monocytes"
"1184","HEK cells"
"1185","B cells"
"1186","HEK cells"
"1187","B cells"
"1188","HEK cells"
"1189","HEK cells"
"1190","CD8 T cells"
"1191","CD14+ Monocytes"
"1192","CD8 T cells"
"1193","CD4 T cells"
"1194","CD4 T cells"
"1195","CD14+ Monocytes"
"1196","CD14+ Monocytes"
"1197","NK cells"
"1198","CD4 T cells"
"1199","FCGR3A+ Monocytes"
"1200","CD8 T cells"
"1201","CD4 T cells"
"1202","HEK cells"
"1203","CD14+ Monocytes"
"1204","HEK cells"
"1205","Dendritic cells"
"1206","CD4 T cells"
"1207","HEK cells"
"1208","CD14+ Monocytes"
"1209","B cells"
"1210","CD14+ Monocytes"
"1211","CD8 T cells"
"1212","HEK cells"
"1213","CD4 T cells"
"1214","CD14+ Monocytes"
"1215","CD8 T cells"
"1216","CD8 T cells"
"1217","HEK cells"
"1218","CD4 T cells"
"1219","HEK cells"
"1220","CD4 T cells"
"1221","HEK cells"
"1222","CD8 T cells"
"1223","CD4 T cells"
"1224","HEK cells"
"1225","HEK cells"
"1226","HEK cells"
"1227","CD4 T cells"
"1228","CD14+ Monocytes"
"1229","B cells"
"1230","CD14+ Monocytes"
"1231","CD4 T cells"
"1232","HEK cells"
"1233","CD4 T cells"
"1234","B cells"
"1235","CD14+ Monocytes"
"1236","HEK cells"
"1237","CD14+ Monocytes"
"1238","HEK cells"
"1239","CD4 T cells"
"1240","HEK cells"
"1241","CD4 T cells"
"1242","CD14+ Monocytes"
"1243","CD4 T cells"
"1244","CD14+ Monocytes"
"1245","CD14+ Monocytes"
"1246","FCGR3A+ Monocytes"
"1247","CD8 T cells"
"1248","CD14+ Monocytes"
"1249","CD4 T cells"
"1250","HEK cells"
"1251","CD4 T cells"
"1252","CD8 T cells"
"1253","CD14+ Monocytes"
"1254","CD4 T cells"
"1255","CD4 T cells"
"1256","CD8 T cells"
"1257","NK cells"
"1258","CD14+ Monocytes"
"1259","CD4 T cells"
"1260","B cells"
"1261","HEK cells"
"1262","CD14+ Monocytes"
"1263","CD14+ Monocytes"
"1264","NK cells"
"1265","CD14+ Monocytes"
"1266","B cells"
"1267","B cells"
"1268","CD14+ Monocytes"
"1269","CD14+ Monocytes"
"1270","FCGR3A+ Monocytes"
"1271","CD14+ Monocytes"
"1272","B cells"
"1273","CD4 T cells"
"1274","HEK cells"
"1275","CD4 T cells"
"1276","CD14+ Monocytes"
"1277","CD4 T cells"
"1278","CD8 T cells"
"1279","CD14+ Monocytes"
"1280","CD14+ Monocytes"
"1281","HEK cells"
"1282","CD14+ Monocytes"
"1283","CD8 T cells"
"1284","Dendritic cells"
"1285","CD14+ Monocytes"
"1286","CD4 T cells"
"1287","CD8 T cells"
"1288","CD14+ Monocytes"
"1289","CD14+ Monocytes"
"1290","B cells"
"1291","CD8 T cells"
"1292","CD8 T cells"
"1293","HEK cells"
"1294","HEK cells"
"1295","CD14+ Monocytes"
"1296","CD14+ Monocytes"
"1297","CD4 T cells"
"1298","CD8 T cells"
"1299","CD4 T cells"
"1300","B cells"
"1301","HEK cells"
"1302","CD14+ Monocytes"
"1303","HEK cells"
"1304","CD14+ Monocytes"
"1305","CD4 T cells"
"1306","CD4 T cells"
"1307","HEK cells"
"1308","FCGR3A+ Monocytes"
"1309","CD14+ Monocytes"
"1310","FCGR3A+ Monocytes"
"1311","NK cells"
"1312","CD4 T cells"
"1313","CD14+ Monocytes"
"1314","CD4 T cells"
"1315","CD4 T cells"
"1316","CD4 T cells"
"1317","CD4 T cells"
"1318","CD14+ Monocytes"
"1319","HEK cells"
"1320","CD8 T cells"
"1321","CD14+ Monocytes"
"1322","CD8 T cells"
"1323","CD8 T cells"
"1324","CD8 T cells"
"1325","CD8 T cells"
"1326","CD14+ Monocytes"
"1327","HEK cells"
"1328","FCGR3A+ Monocytes"
"1329","CD4 T cells"
"1330","CD4 T cells"
"1331","CD4 T cells"
"1332","CD4 T cells"
"1333","CD14+ Monocytes"
