"","x"
"1","NK cells"
"2","NK cells"
"3","B cells"
"4","NK cells"
"5","NK cells"
"6","NK cells"
"7","CD4 T cells"
"8","CD4 T cells"
"9","CD4 T cells"
"10","B cells"
"11","NK cells"
"12","CD4 T cells"
"13","CD4 T cells"
"14","CD4 T cells"
"15","CD4 T cells"
"16","CD4 T cells"
"17","HEK cells"
"18","HEK cells"
"19","CD8 T cells"
"20","CD4 T cells"
"21","B cells"
"22","CD8 T cells"
"23","CD8 T cells"
"24","CD4 T cells"
"25","CD4 T cells"
"26","CD4 T cells"
"27","NK cells"
"28","NK cells"
"29","CD4 T cells"
"30","CD14+ Monocytes"
"31","CD14+ Monocytes"
"32","CD8 T cells"
"33","B cells"
"34","FCGR3A+ Monocytes"
"35","CD14+ Monocytes"
"36","CD4 T cells"
"37","CD8 T cells"
"38","CD4 T cells"
"39","CD4 T cells"
"40","NK cells"
"41","CD4 T cells"
"42","CD4 T cells"
"43","CD4 T cells"
"44","HEK cells"
"45","CD4 T cells"
"46","CD4 T cells"
"47","HEK cells"
"48","CD4 T cells"
"49","CD4 T cells"
"50","CD4 T cells"
"51","CD14+ Monocytes"
"52","CD4 T cells"
"53","CD4 T cells"
"54","CD4 T cells"
"55","CD4 T cells"
"56","CD4 T cells"
"57","CD4 T cells"
"58","CD4 T cells"
"59","CD8 T cells"
"60","CD14+ Monocytes"
"61","CD4 T cells"
"62","B cells"
"63","CD4 T cells"
"64","CD4 T cells"
"65","CD4 T cells"
"66","NK cells"
"67","CD4 T cells"
"68","CD4 T cells"
"69","FCGR3A+ Monocytes"
"70","CD4 T cells"
"71","NK cells"
"72","CD4 T cells"
"73","CD4 T cells"
"74","NK cells"
"75","CD4 T cells"
"76","CD4 T cells"
"77","CD14+ Monocytes"
"78","CD4 T cells"
"79","CD4 T cells"
"80","NK cells"
"81","CD4 T cells"
"82","HEK cells"
"83","CD4 T cells"
"84","CD4 T cells"
"85","CD8 T cells"
"86","CD4 T cells"
"87","NK cells"
"88","CD4 T cells"
"89","CD8 T cells"
"90","CD4 T cells"
"91","NK cells"
"92","CD8 T cells"
"93","NK cells"
"94","CD4 T cells"
"95","CD4 T cells"
"96","CD4 T cells"
"97","NK cells"
"98","NK cells"
"99","CD8 T cells"
"100","CD4 T cells"
"101","CD4 T cells"
"102","CD4 T cells"
"103","NK cells"
"104","CD4 T cells"
"105","B cells"
"106","CD4 T cells"
"107","CD14+ Monocytes"
"108","B cells"
"109","B cells"
"110","B cells"
"111","CD4 T cells"
"112","NK cells"
"113","CD4 T cells"
"114","CD8 T cells"
"115","CD14+ Monocytes"
"116","CD4 T cells"
"117","CD4 T cells"
"118","CD4 T cells"
"119","NK cells"
"120","CD14+ Monocytes"
"121","HEK cells"
"122","CD4 T cells"
"123","Dendritic cells"
"124","CD4 T cells"
"125","CD4 T cells"
"126","CD8 T cells"
"127","NK cells"
"128","NK cells"
"129","NK cells"
"130","FCGR3A+ Monocytes"
"131","CD4 T cells"
"132","FCGR3A+ Monocytes"
"133","B cells"
"134","CD4 T cells"
"135","HEK cells"
"136","FCGR3A+ Monocytes"
"137","CD4 T cells"
"138","CD4 T cells"
"139","NK cells"
"140","CD4 T cells"
"141","CD4 T cells"
"142","CD4 T cells"
"143","NK cells"
"144","NK cells"
"145","NK cells"
"146","CD8 T cells"
"147","CD14+ Monocytes"
"148","NK cells"
"149","NK cells"
"150","CD4 T cells"
"151","CD4 T cells"
"152","CD4 T cells"
"153","CD8 T cells"
"154","NK cells"
"155","B cells"
"156","NK cells"
"157","FCGR3A+ Monocytes"
"158","CD4 T cells"
"159","HEK cells"
"160","CD4 T cells"
"161","B cells"
"162","B cells"
"163","NK cells"
"164","HEK cells"
"165","CD4 T cells"
"166","CD4 T cells"
"167","CD4 T cells"
"168","CD8 T cells"
"169","CD4 T cells"
"170","NK cells"
"171","FCGR3A+ Monocytes"
"172","Dendritic cells"
"173","CD8 T cells"
"174","B cells"
"175","CD4 T cells"
"176","NK cells"
"177","CD4 T cells"
"178","Dendritic cells"
"179","CD4 T cells"
"180","HEK cells"
"181","CD8 T cells"
"182","CD4 T cells"
"183","CD8 T cells"
"184","CD4 T cells"
"185","CD8 T cells"
"186","CD4 T cells"
"187","CD14+ Monocytes"
"188","HEK cells"
"189","CD4 T cells"
"190","B cells"
"191","NK cells"
"192","FCGR3A+ Monocytes"
"193","CD4 T cells"
"194","CD4 T cells"
"195","CD8 T cells"
"196","B cells"
"197","B cells"
"198","NK cells"
"199","CD14+ Monocytes"
"200","CD8 T cells"
"201","NK cells"
"202","CD4 T cells"
"203","CD4 T cells"
"204","NK cells"
"205","NK cells"
"206","CD4 T cells"
"207","CD4 T cells"
"208","HEK cells"
"209","CD14+ Monocytes"
"210","NK cells"
"211","B cells"
"212","CD4 T cells"
"213","CD4 T cells"
"214","NK cells"
"215","CD4 T cells"
"216","CD4 T cells"
"217","HEK cells"
"218","B cells"
"219","NK cells"
"220","CD14+ Monocytes"
"221","CD4 T cells"
"222","CD14+ Monocytes"
"223","CD4 T cells"
"224","CD4 T cells"
"225","HEK cells"
"226","FCGR3A+ Monocytes"
"227","NK cells"
"228","CD4 T cells"
"229","NK cells"
"230","CD4 T cells"
"231","CD4 T cells"
"232","CD4 T cells"
"233","HEK cells"
"234","CD4 T cells"
"235","NK cells"
"236","FCGR3A+ Monocytes"
"237","CD4 T cells"
"238","CD4 T cells"
"239","CD4 T cells"
"240","CD4 T cells"
"241","CD8 T cells"
"242","NK cells"
"243","CD4 T cells"
"244","B cells"
"245","CD14+ Monocytes"
"246","CD4 T cells"
"247","CD4 T cells"
"248","CD4 T cells"
"249","CD4 T cells"
"250","FCGR3A+ Monocytes"
"251","CD8 T cells"
"252","CD14+ Monocytes"
"253","CD4 T cells"
"254","B cells"
"255","CD8 T cells"
"256","NK cells"
"257","CD4 T cells"
"258","FCGR3A+ Monocytes"
"259","NK cells"
"260","CD4 T cells"
"261","NK cells"
"262","B cells"
"263","CD4 T cells"
"264","CD8 T cells"
"265","CD4 T cells"
"266","CD8 T cells"
"267","CD4 T cells"
"268","CD8 T cells"
"269","CD4 T cells"
"270","CD4 T cells"
"271","CD4 T cells"
"272","FCGR3A+ Monocytes"
"273","CD4 T cells"
"274","HEK cells"
"275","CD4 T cells"
"276","HEK cells"
"277","NK cells"
"278","CD4 T cells"
"279","B cells"
"280","CD4 T cells"
"281","B cells"
"282","NK cells"
"283","CD4 T cells"
"284","CD14+ Monocytes"
"285","CD4 T cells"
"286","CD4 T cells"
"287","CD8 T cells"
"288","CD4 T cells"
"289","CD4 T cells"
"290","NK cells"
"291","B cells"
"292","CD8 T cells"
"293","CD4 T cells"
"294","NK cells"
"295","CD4 T cells"
"296","FCGR3A+ Monocytes"
"297","CD4 T cells"
"298","CD4 T cells"
"299","CD4 T cells"
"300","CD8 T cells"
"301","HEK cells"
"302","CD8 T cells"
"303","FCGR3A+ Monocytes"
"304","HEK cells"
"305","CD4 T cells"
"306","NK cells"
"307","CD4 T cells"
"308","CD4 T cells"
"309","CD8 T cells"
"310","HEK cells"
"311","NK cells"
"312","CD4 T cells"
"313","CD8 T cells"
"314","NK cells"
"315","CD4 T cells"
"316","B cells"
"317","CD8 T cells"
"318","NK cells"
"319","FCGR3A+ Monocytes"
"320","CD4 T cells"
"321","CD4 T cells"
"322","CD4 T cells"
"323","NK cells"
"324","CD4 T cells"
"325","FCGR3A+ Monocytes"
"326","B cells"
"327","CD8 T cells"
"328","CD4 T cells"
"329","CD4 T cells"
"330","CD4 T cells"
"331","CD14+ Monocytes"
"332","CD4 T cells"
"333","CD8 T cells"
"334","NK cells"
"335","CD4 T cells"
"336","NK cells"
"337","CD4 T cells"
"338","CD4 T cells"
"339","NK cells"
"340","B cells"
"341","B cells"
"342","CD4 T cells"
"343","CD14+ Monocytes"
"344","CD8 T cells"
"345","CD4 T cells"
"346","CD4 T cells"
"347","CD4 T cells"
"348","CD8 T cells"
"349","CD4 T cells"
"350","CD4 T cells"
"351","CD4 T cells"
"352","CD4 T cells"
"353","HEK cells"
"354","CD8 T cells"
"355","CD4 T cells"
"356","HEK cells"
"357","HEK cells"
"358","CD14+ Monocytes"
"359","CD4 T cells"
"360","CD4 T cells"
"361","B cells"
"362","NK cells"
"363","CD4 T cells"
"364","B cells"
"365","B cells"
"366","Dendritic cells"
"367","HEK cells"
"368","FCGR3A+ Monocytes"
"369","HEK cells"
"370","NK cells"
"371","CD4 T cells"
"372","CD4 T cells"
"373","CD4 T cells"
"374","NK cells"
"375","NK cells"
"376","CD4 T cells"
"377","HEK cells"
"378","NK cells"
"379","NK cells"
"380","CD4 T cells"
"381","CD4 T cells"
"382","CD4 T cells"
"383","CD8 T cells"
"384","CD4 T cells"
"385","NK cells"
"386","CD4 T cells"
"387","CD4 T cells"
"388","CD4 T cells"
"389","NK cells"
"390","CD4 T cells"
"391","B cells"
"392","CD8 T cells"
"393","HEK cells"
"394","CD8 T cells"
"395","NK cells"
"396","NK cells"
"397","CD4 T cells"
"398","B cells"
"399","CD4 T cells"
"400","CD4 T cells"
"401","NK cells"
"402","NK cells"
"403","CD4 T cells"
"404","B cells"
"405","CD4 T cells"
"406","NK cells"
"407","CD4 T cells"
"408","NK cells"
"409","CD4 T cells"
"410","B cells"
"411","CD4 T cells"
"412","CD4 T cells"
"413","NK cells"
"414","CD8 T cells"
"415","Dendritic cells"
"416","HEK cells"
"417","CD4 T cells"
"418","B cells"
"419","NK cells"
"420","HEK cells"
"421","B cells"
"422","CD4 T cells"
"423","CD4 T cells"
"424","CD4 T cells"
"425","CD4 T cells"
"426","HEK cells"
"427","HEK cells"
"428","CD4 T cells"
"429","B cells"
"430","CD8 T cells"
"431","FCGR3A+ Monocytes"
"432","CD4 T cells"
"433","NK cells"
"434","HEK cells"
"435","CD4 T cells"
"436","NK cells"
"437","B cells"
"438","CD14+ Monocytes"
"439","CD4 T cells"
"440","HEK cells"
"441","B cells"
"442","CD4 T cells"
"443","CD4 T cells"
"444","HEK cells"
"445","HEK cells"
"446","CD4 T cells"
"447","CD4 T cells"
"448","NK cells"
"449","CD4 T cells"
"450","NK cells"
"451","NK cells"
"452","CD4 T cells"
"453","CD4 T cells"
"454","NK cells"
"455","HEK cells"
"456","NK cells"
"457","HEK cells"
"458","CD4 T cells"
"459","CD4 T cells"
"460","CD14+ Monocytes"
"461","CD4 T cells"
"462","CD4 T cells"
"463","Dendritic cells"
"464","CD4 T cells"
"465","CD4 T cells"
"466","HEK cells"
"467","CD4 T cells"
"468","CD14+ Monocytes"
"469","CD8 T cells"
"470","CD4 T cells"
"471","HEK cells"
"472","CD4 T cells"
"473","B cells"
"474","B cells"
"475","CD4 T cells"
"476","FCGR3A+ Monocytes"
"477","CD4 T cells"
"478","HEK cells"
"479","HEK cells"
"480","NK cells"
"481","CD4 T cells"
"482","B cells"
"483","CD8 T cells"
"484","CD4 T cells"
"485","B cells"
"486","CD8 T cells"
"487","CD4 T cells"
"488","NK cells"
"489","CD4 T cells"
"490","CD8 T cells"
"491","NK cells"
"492","HEK cells"
"493","CD4 T cells"
"494","HEK cells"
"495","CD4 T cells"
"496","CD4 T cells"
"497","CD4 T cells"
"498","CD4 T cells"
"499","CD8 T cells"
"500","CD4 T cells"
"501","CD8 T cells"
"502","HEK cells"
"503","NK cells"
"504","CD4 T cells"
"505","CD4 T cells"
"506","NK cells"
"507","NK cells"
"508","CD8 T cells"
"509","FCGR3A+ Monocytes"
"510","CD4 T cells"
"511","NK cells"
"512","CD4 T cells"
"513","NK cells"
"514","CD4 T cells"
"515","NK cells"
"516","NK cells"
"517","CD4 T cells"
"518","CD4 T cells"
"519","Dendritic cells"
"520","NK cells"
"521","CD4 T cells"
"522","NK cells"
"523","CD4 T cells"
"524","CD4 T cells"
"525","CD4 T cells"
"526","CD4 T cells"
"527","CD4 T cells"
"528","NK cells"
"529","CD4 T cells"
"530","CD4 T cells"
"531","HEK cells"
"532","HEK cells"
"533","CD4 T cells"
"534","Dendritic cells"
"535","CD4 T cells"
"536","CD4 T cells"
"537","CD8 T cells"
"538","NK cells"
"539","CD4 T cells"
"540","NK cells"
"541","HEK cells"
"542","CD4 T cells"
"543","HEK cells"
"544","CD4 T cells"
"545","B cells"
"546","CD4 T cells"
"547","CD14+ Monocytes"
"548","CD4 T cells"
"549","NK cells"
"550","CD8 T cells"
"551","HEK cells"
"552","CD4 T cells"
"553","CD8 T cells"
"554","CD4 T cells"
"555","B cells"
"556","B cells"
"557","NK cells"
"558","CD4 T cells"
"559","CD8 T cells"
"560","CD4 T cells"
"561","CD4 T cells"
"562","B cells"
"563","CD8 T cells"
"564","FCGR3A+ Monocytes"
"565","CD4 T cells"
"566","CD4 T cells"
"567","CD4 T cells"
"568","CD4 T cells"
"569","CD4 T cells"
"570","B cells"
"571","CD4 T cells"
"572","B cells"
"573","Dendritic cells"
"574","HEK cells"
"575","CD4 T cells"
"576","NK cells"
"577","CD4 T cells"
"578","NK cells"
"579","CD4 T cells"
"580","CD8 T cells"
"581","CD4 T cells"
"582","CD8 T cells"
"583","CD4 T cells"
"584","CD4 T cells"
"585","NK cells"
"586","B cells"
"587","HEK cells"
"588","NK cells"
"589","CD8 T cells"
"590","CD4 T cells"
"591","CD4 T cells"
"592","HEK cells"
"593","CD8 T cells"
"594","B cells"
"595","CD4 T cells"
"596","CD4 T cells"
"597","B cells"
"598","NK cells"
"599","CD4 T cells"
"600","HEK cells"
"601","CD4 T cells"
"602","CD4 T cells"
"603","B cells"
"604","CD4 T cells"
"605","CD4 T cells"
"606","CD4 T cells"
"607","CD14+ Monocytes"
"608","NK cells"
"609","NK cells"
"610","CD4 T cells"
"611","NK cells"
"612","FCGR3A+ Monocytes"
"613","CD4 T cells"
"614","B cells"
"615","B cells"
"616","CD8 T cells"
"617","CD4 T cells"
"618","CD8 T cells"
"619","CD8 T cells"
"620","NK cells"
"621","CD4 T cells"
"622","CD4 T cells"
"623","Dendritic cells"
"624","B cells"
"625","B cells"
"626","CD4 T cells"
"627","CD4 T cells"
"628","NK cells"
"629","B cells"
"630","CD4 T cells"
"631","B cells"
"632","CD4 T cells"
"633","CD8 T cells"
"634","FCGR3A+ Monocytes"
"635","CD4 T cells"
"636","B cells"
"637","CD4 T cells"
"638","CD14+ Monocytes"
"639","CD4 T cells"
"640","CD8 T cells"
"641","CD14+ Monocytes"
"642","CD4 T cells"
"643","B cells"
"644","HEK cells"
"645","B cells"
"646","B cells"
"647","NK cells"
"648","FCGR3A+ Monocytes"
"649","NK cells"
"650","B cells"
"651","HEK cells"
"652","HEK cells"
"653","NK cells"
"654","CD4 T cells"
"655","CD4 T cells"
"656","NK cells"
"657","NK cells"
"658","NK cells"
"659","NK cells"
"660","CD8 T cells"
"661","CD8 T cells"
"662","NK cells"
"663","CD8 T cells"
"664","CD4 T cells"
"665","CD4 T cells"
"666","NK cells"
"667","CD14+ Monocytes"
"668","NK cells"
"669","CD14+ Monocytes"
"670","NK cells"
"671","NK cells"
"672","CD4 T cells"
"673","CD14+ Monocytes"
"674","NK cells"
"675","FCGR3A+ Monocytes"
"676","NK cells"
"677","HEK cells"
"678","CD4 T cells"
"679","NK cells"
"680","CD8 T cells"
"681","HEK cells"
"682","CD14+ Monocytes"
"683","FCGR3A+ Monocytes"
"684","CD8 T cells"
"685","HEK cells"
"686","Dendritic cells"
"687","CD14+ Monocytes"
"688","CD4 T cells"
"689","CD4 T cells"
"690","CD8 T cells"
"691","FCGR3A+ Monocytes"
"692","FCGR3A+ Monocytes"
"693","CD4 T cells"
"694","B cells"
"695","CD4 T cells"
"696","CD4 T cells"
"697","CD4 T cells"
"698","NK cells"
"699","NK cells"
"700","CD4 T cells"
"701","NK cells"
"702","NK cells"
"703","HEK cells"
"704","NK cells"
"705","CD14+ Monocytes"
"706","CD4 T cells"
"707","CD4 T cells"
"708","CD4 T cells"
"709","CD4 T cells"
"710","CD4 T cells"
"711","CD4 T cells"
"712","CD4 T cells"
"713","CD4 T cells"
"714","CD4 T cells"
"715","CD4 T cells"
"716","CD14+ Monocytes"
"717","NK cells"
"718","CD14+ Monocytes"
"719","B cells"
"720","CD14+ Monocytes"
"721","NK cells"
"722","CD4 T cells"
"723","CD8 T cells"
"724","NK cells"
"725","CD4 T cells"
"726","NK cells"
"727","CD4 T cells"
"728","CD4 T cells"
"729","HEK cells"
"730","CD4 T cells"
"731","NK cells"
"732","CD8 T cells"
